[
    {
        "finish": {
            "x": 78.04656713724533,
            "y": -166.1108109624387,
            "r": 1
        }
    },
    {
        "position": {
            "x": 4,
            "y": 5.5
        },
        "angle": 0,
        "width": 15,
        "height": 0.5
    },
    {
        "position": {
            "x": 4.219739990234375,
            "y": -0.19541684488242184
        },
        "angle": 0,
        "width": 7,
        "height": 0.5
    },
    {
        "position": {
            "x": 11.252395629882812,
            "y": 3.2488020234423596
        },
        "angle": 0,
        "width": 0.5,
        "height": 5
    },
    {
        "position": {
            "x": -4.037132764840493,
            "y": -1.3137369187279462
        },
        "angle": -1.9303451921599726,
        "width": 4.613790624160951,
        "height": 0.5
    },
    {
        "position": {
            "x": 12.33221104733298,
            "y": -1.2326360934077314
        },
        "angle": -1.1210269518468876,
        "width": 4.951408077130461,
        "height": 0.5
    },
    {
        "position": {
            "x": -3.093084922369112,
            "y": -3.3621195453671335
        },
        "angle": -0.12816956492691722,
        "width": 3.2659302789968074,
        "height": 0.5
    },
    {
        "position": {
            "x": 11.638669707690505,
            "y": -3.5870636181536906
        },
        "angle": -2.929069529787895,
        "width": 3.4279731043243937,
        "height": 0.5
    },
    {
        "position": {
            "x": -4.71798309958713,
            "y": -6.532342364889432
        },
        "angle": -1.4872438833040662,
        "width": 1.9736617030379544,
        "height": 0.5
    },
    {
        "position": {
            "x": 13.637344015643283,
            "y": -6.287954386430993
        },
        "angle": 1.5166787420218064,
        "width": 1.7941714424219182,
        "height": 0.5
    },
    {
        "position": {
            "x": -6.331024586986991,
            "y": -3.9179235087388786
        },
        "angle": -2.7260450937162197,
        "width": 3.343622246048504,
        "height": 0.5
    },
    {
        "position": {
            "x": -7.482335062072549,
            "y": -7.610922819570012
        },
        "angle": -1.4483195411241219,
        "width": 6.060780035597556,
        "height": 0.5
    },
    {
        "position": {
            "x": 15.193007358997379,
            "y": -3.8097762248250335
        },
        "angle": -0.3044589681368717,
        "width": 4.0374224153166836,
        "height": 0.5
    },
    {
        "position": {
            "x": 15.63457293935183,
            "y": -6.081401229326358
        },
        "angle": -0.28849420168742884,
        "width": 3.8613656758036696,
        "height": 0.5
    },
    {
        "position": {
            "x": 24.75468331622642,
            "y": -7.911538562380073
        },
        "angle": -1.059520542427821,
        "width": 3.3921791810739155,
        "height": 0.5
    },
    {
        "position": {
            "x": 23.386544734331963,
            "y": -8.831128524275195
        },
        "angle": -1.2788172434701104,
        "width": 2.750101927341172,
        "height": 0.5
    },
    {
        "position": {
            "x": -6.283621410812167,
            "y": -13.86697433746016
        },
        "angle": 1.823172286263847,
        "width": 2.528516934646921,
        "height": 0.5
    },
    {
        "position": {
            "x": -3.160163671332224,
            "y": -10.962216178731278
        },
        "angle": -1.1542787757883222,
        "width": 2.8394759584170557,
        "height": 0.5
    },
    {
        "position": {
            "x": -1.6017531169771702,
            "y": -18.32725407820684
        },
        "angle": -0.3684545072995832,
        "width": 3.8186759982407152,
        "height": 0.5
    },
    {
        "position": {
            "x": 0.25749300298709277,
            "y": -14.903306511069452
        },
        "angle": -0.46667132714562687,
        "width": 2.4868935850555545,
        "height": 0.5
    },
    {
        "position": {
            "x": 6.584584587659122,
            "y": -15.79696076895906
        },
        "angle": -0.0034719056420595695,
        "width": 4.158465208145934,
        "height": 0.5
    },
    {
        "position": {
            "x": 5.5045048024052265,
            "y": -19.460076571952108
        },
        "angle": 0.14472307647190275,
        "width": 3.289662839232449,
        "height": 0.5
    },
    {
        "position": {
            "x": 13.155176444674048,
            "y": -14.292900674362052
        },
        "angle": 0.20812090180491194,
        "width": 4.17463213149662,
        "height": 0.5
    },
    {
        "position": {
            "x": 13.453542433948005,
            "y": -18.2850425619016
        },
        "angle": 0.4421737981477296,
        "width": 3.5060058631915356,
        "height": 0.5
    },
    {
        "position": {
            "x": 19.33159905710587,
            "y": -13.044825343867926
        },
        "angle": 0.3071206270863489,
        "width": 3.631410753515957,
        "height": 0.5
    },
    {
        "position": {
            "x": 20.441489961697982,
            "y": -15.7263823094972
        },
        "angle": 0.403108464773664,
        "width": 3.37753680076164,
        "height": 0.5
    },
    {
        "position": {
            "x": 29.93557594575327,
            "y": -10.811165178862698
        },
        "angle": -0.07587666805480327,
        "width": 5.60430851509966,
        "height": 0.5
    },
    {
        "position": {
            "x": 32.92985366104561,
            "y": -12.482880964166952
        },
        "angle": -1.4137210179299164,
        "width": 3.1892203281751415,
        "height": 0.5
    },
    {
        "position": {
            "x": -11.629785529906384,
            "y": -3.291066045456683
        },
        "angle": 0.826132786233282,
        "width": 24.11770385121121,
        "height": 0.5
    },
    {
        "position": {
            "x": -17.23428694816288,
            "y": -21.52169474389269
        },
        "angle": -1.3044031495842892,
        "width": 19.636198209433818,
        "height": 0.5
    },
    {
        "position": {
            "x": -14.608306252033213,
            "y": -30.659288392570687
        },
        "angle": 1.7850961304848625,
        "width": 0.03418216109454753,
        "height": 0.5
    },
    {
        "position": {
            "x": 3.7722346647148006,
            "y": -27.10900882767831
        },
        "angle": -2.949704294401278,
        "width": 37.07358090550547,
        "height": 0.5
    },
    {
        "position": {
            "x": 26.408831838177704,
            "y": -9.853534843772344
        },
        "angle": -0.6664710970973741,
        "width": 2.1109846117103492,
        "height": 0.5
    },
    {
        "position": {
            "x": 33.30067872097953,
            "y": -14.064887253805228
        },
        "angle": 0.004028781725750497,
        "width": 4.53410159483554,
        "height": 0.5
    },
    {
        "position": {
            "x": 28.71368443525298,
            "y": -21.00760236489988
        },
        "angle": 0.0366167983444803,
        "width": 3.885712605621177,
        "height": 0.5
    },
    {
        "position": {
            "x": 36.29110225716407,
            "y": -27.05180282655838
        },
        "angle": 0.047144675067090754,
        "width": 3.3305777416150306,
        "height": 0.5
    },
    {
        "position": {
            "x": 26.14531593185179,
            "y": -33.45116520512266
        },
        "angle": 0.022863473586449024,
        "width": 3.641426613934645,
        "height": 0.5
    },
    {
        "position": {
            "x": 37.027803207037614,
            "y": -38.643289185588586
        },
        "angle": 0.027440636221265136,
        "width": 3.3051680344299963,
        "height": 0.5
    },
    {
        "position": {
            "x": 20.355464987092212,
            "y": -37.119008892117776
        },
        "angle": -1.097536469048233,
        "width": 27.321135006351373,
        "height": 0.5
    },
    {
        "position": {
            "x": 13.68135904220637,
            "y": -10.4844928412925
        },
        "angle": -1.5652410097885974,
        "width": 6.917834063616011,
        "height": 0.5
    },
    {
        "position": {
            "x": 15.645309485821649,
            "y": -2.808512286245995
        },
        "angle": 2.3592607355199067,
        "width": 4.04264050537542,
        "height": 0.5
    },
    {
        "position": {
            "x": 13.728521300837922,
            "y": -0.21926746506174483
        },
        "angle": 2.077152678582961,
        "width": 2.6381068083654227,
        "height": 0.5
    },
    {
        "position": {
            "x": 13.148758941153119,
            "y": 2.8318454710445895
        },
        "angle": 1.5328952421870352,
        "width": 3.628001917300254,
        "height": 0.5
    },
    {
        "position": {
            "x": 14.499225289670058,
            "y": 5.7551281347944006
        },
        "angle": 0.7583680566561997,
        "width": 3.4743857266436486,
        "height": 0.5
    },
    {
        "position": {
            "x": 18.443465662543282,
            "y": -6.2442827707839506
        },
        "angle": 0.2619756346484341,
        "width": 2.076384352654993,
        "height": 0.5
    },
    {
        "position": {
            "x": 19.549156384831022,
            "y": -5.080447693069431
        },
        "angle": 1.4219683525715159,
        "width": 1.624670486100472,
        "height": 0.5
    },
    {
        "position": {
            "x": 18.979327934132307,
            "y": -3.4295454998192305
        },
        "angle": 2.2752436385977353,
        "width": 2.024843413567389,
        "height": 0.5
    },
    {
        "position": {
            "x": 16.92309523026433,
            "y": -1.1441695702654966
        },
        "angle": 2.320115309649284,
        "width": 4.112443299992655,
        "height": 0.5
    },
    {
        "position": {
            "x": 15.057293122052542,
            "y": 1.0323682136595427
        },
        "angle": 2.170630874925733,
        "width": 1.6472272493904352,
        "height": 0.5
    },
    {
        "position": {
            "x": 14.604702773442117,
            "y": 2.9564614541387932
        },
        "angle": 1.5826542764543934,
        "width": 2.180708317460645,
        "height": 0.5
    },
    {
        "position": {
            "x": 15.544360683263797,
            "y": 4.805025316972112
        },
        "angle": 0.6994038543272684,
        "width": 2.489687617469149,
        "height": 0.5
    },
    {
        "position": {
            "x": 17.68985475958695,
            "y": 4.852285213156529
        },
        "angle": -0.5350163302282107,
        "width": 2.8613315723275985,
        "height": 0.5
    },
    {
        "position": {
            "x": 19.61146395063786,
            "y": 1.5237461576173326
        },
        "angle": -1.3135195539688334,
        "width": 5.387817321408412,
        "height": 0.5
    },
    {
        "position": {
            "x": 20.90210514059136,
            "y": -3.956569526494996
        },
        "angle": -1.3665647050793406,
        "width": 5.888596995394131,
        "height": 0.5
    },
    {
        "position": {
            "x": 22.091652435563645,
            "y": -7.130252171798981
        },
        "angle": -0.5900517642307577,
        "width": 1.5422947976158605,
        "height": 0.5
    },
    {
        "position": {
            "x": 23.333280634502454,
            "y": -5.920325213265803
        },
        "angle": 2.501512529325784,
        "width": 1.7249362530914087,
        "height": 0.5
    },
    {
        "position": {
            "x": 21.9321209620678,
            "y": -0.5550566886740911
        },
        "angle": 1.7228094616693246,
        "width": 9.813468739654637,
        "height": 0.5
    },
    {
        "position": {
            "x": 19.808467361472825,
            "y": 5.583178639303647
        },
        "angle": 2.4074663645035237,
        "width": 3.7189040997269136,
        "height": 0.5
    },
    {
        "position": {
            "x": 17.16699430993586,
            "y": 6.8571662544344125
        },
        "angle": 3.139269708572293,
        "width": 2.4527302623397795,
        "height": 0.5
    },
    {
        "position": {
            "x": 27.799168799731405,
            "y": -47.978162082859804
        },
        "angle": 0.738638408848944,
        "width": 3.2818767132276148,
        "height": 0.5
    },
    {
        "position": {
            "x": 23.62943961282087,
            "y": -51.932426947991345
        },
        "angle": -2.359952558842588,
        "width": 8.823809801408583,
        "height": 0.5
    },
    {
        "position": {
            "x": 21.77461241225447,
            "y": -57.625150277191366
        },
        "angle": -1.1527302899113092,
        "width": 5.434239696262979,
        "height": 0.5
    },
    {
        "position": {
            "x": 23.906957862211343,
            "y": -52.96360245044566
        },
        "angle": -0.051285670991018543,
        "width": 2.2428172567138875,
        "height": 0.5
    },
    {
        "position": {
            "x": 25.858881097715397,
            "y": -53.790989610649746
        },
        "angle": -0.709914871920649,
        "width": 2.1643477992570133,
        "height": 0.5
    },
    {
        "position": {
            "x": 34.01212779240491,
            "y": -62.76915500286833
        },
        "angle": -0.606674287937242,
        "width": 19.39259987954833,
        "height": 0.5
    },
    {
        "position": {
            "x": 24.260229147971494,
            "y": -58.86620386935854
        },
        "angle": 0.6208136808198979,
        "width": 3.3663178136689136,
        "height": 0.5
    },
    {
        "position": {
            "x": 46.95505997474429,
            "y": -66.39559707299898
        },
        "angle": -0.34769405931049246,
        "width": 8.715224699508553,
        "height": 0.5
    },
    {
        "position": {
            "x": 42.023450778856215,
            "y": -19.04864031103492
        },
        "angle": -0.6535105724371282,
        "width": 16.64407478150405,
        "height": 0.5
    },
    {
        "position": {
            "x": 48.6230322693795,
            "y": -35.070843185487576
        },
        "angle": -1.5693139229437039,
        "width": 21.97243282429273,
        "height": 0.5
    },
    {
        "position": {
            "x": 52.69614659503371,
            "y": -68.99691490800112
        },
        "angle": -0.6511064231008323,
        "width": 4.425706792130769,
        "height": 0.5
    },
    {
        "position": {
            "x": 72.500999183322,
            "y": -68.44613679916526
        },
        "angle": 0.6158224577081644,
        "width": 5.58749333427757,
        "height": 0.5
    },
    {
        "position": {
            "x": 44.468430599596324,
            "y": -66.22788189300366
        },
        "angle": -2.125973910188729,
        "width": 1.4216695521228861,
        "height": 0.5
    },
    {
        "position": {
            "x": 77.21246770526858,
            "y": -66.73276110099502
        },
        "angle": -0.11197610935045567,
        "width": 1.7375841735797388,
        "height": 0.5
    },
    {
        "position": {
            "x": 78.68521069312101,
            "y": -68.11202947038905
        },
        "angle": -1.1274418551182968,
        "width": 2.9108767984157287,
        "height": 0.5
    },
    {
        "position": {
            "x": 63.40975879439789,
            "y": -52.60353183266085
        },
        "angle": -0.4255056257796621,
        "width": 32.452888368901995,
        "height": 0.5
    },
    {
        "position": {
            "x": 45.487821329342424,
            "y": -56.42696966396307
        },
        "angle": -1.856704957011216,
        "width": 17.72222653722418,
        "height": 0.5
    },
    {
        "position": {
            "x": 45.19537550932496,
            "y": -47.38578643049328
        },
        "angle": -2.6484762507778017,
        "width": 7.1301804192623734,
        "height": 0.5
    },
    {
        "position": {
            "x": 41.20749017548031,
            "y": -53.64160251925969
        },
        "angle": -1.7658183183508263,
        "width": 9.290716271145506,
        "height": 0.5
    },
    {
        "position": {
            "x": 39.803715282433615,
            "y": -59.87779935729034
        },
        "angle": -1.8221055325374589,
        "width": 3.61898687352773,
        "height": 0.5
    },
    {
        "position": {
            "x": 75.62623373648753,
            "y": -66.60673743333413
        },
        "angle": 0.17224414998626392,
        "width": 2.150445256512257,
        "height": 0.5
    },
    {
        "position": {
            "x": 82.34614356717566,
            "y": -69.34791056279192
        },
        "angle": -0.014931357295886905,
        "width": 6.2815582378879755,
        "height": 0.5
    },
    {
        "position": {
            "x": 87.73969667057372,
            "y": -69.39410306443122
        },
        "angle": -0.009359004335177223,
        "width": 4.503987923275493,
        "height": 0.5
    },
    {
        "position": {
            "x": 87.69798387079157,
            "y": -79.5103736106687
        },
        "angle": -1.7776661417876582,
        "width": 20.705269872768145,
        "height": 0.5
    },
    {
        "position": {
            "x": 81.60171781939528,
            "y": -79.99846110250903
        },
        "angle": -1.3309095410148712,
        "width": 19.182872879002634,
        "height": 0.5
    },
    {
        "position": {
            "x": 82.11924955791275,
            "y": -89.38174236640882
        },
        "angle": -3.028175274635319,
        "width": 3.3024176343407374,
        "height": 0.5
    },
    {
        "position": {
            "x": 86.67880394245407,
            "y": -89.6540636601595
        },
        "angle": -0.14958245552594862,
        "width": 2.294644105699669,
        "height": 0.5
    },
    {
        "position": {
            "x": 83.0356216142811,
            "y": -94.80480133543335
        },
        "angle": -1.1488971928694172,
        "width": 11.389596612483956,
        "height": 0.5
    },
    {
        "position": {
            "x": 84.81725563536955,
            "y": -92.85473392763694
        },
        "angle": 1.975657479597746,
        "width": 0.7540084107604242,
        "height": 0.5
    },
    {
        "position": {
            "x": 86.48841706299066,
            "y": -95.87090227095871
        },
        "angle": 2.060443817385366,
        "width": 0.7674188332648694,
        "height": 0.5
    },
    {
        "position": {
            "x": 88.03118759814353,
            "y": -98.99745572998106
        },
        "angle": 1.9653595302951825,
        "width": 1.0092882776003824,
        "height": 0.5
    },
    {
        "position": {
            "x": 87.36028715545163,
            "y": -103.02044271894528
        },
        "angle": -1.0019693848606894,
        "width": 7.899098957519838,
        "height": 0.5
    },
    {
        "position": {
            "x": 89.58554676500226,
            "y": -101.36798200302331
        },
        "angle": -0.9504762403842446,
        "width": 0.6197661109160634,
        "height": 0.5
    },
    {
        "position": {
            "x": 90.94994419118879,
            "y": -102.95089744369699
        },
        "angle": -0.9367971747352168,
        "width": 0.9799481333589259,
        "height": 0.5
    },
    {
        "position": {
            "x": 92.78757438486494,
            "y": -105.61090847249389
        },
        "angle": -0.8428444257237198,
        "width": 0.9033171282804822,
        "height": 0.5
    },
    {
        "position": {
            "x": 91.2452045853237,
            "y": -115.31045516965798
        },
        "angle": -2.148743072034055,
        "width": 20.39217844161008,
        "height": 0.5
    },
    {
        "position": {
            "x": 91.22050233966081,
            "y": -109.09907364391441
        },
        "angle": 0.9926766268355202,
        "width": 0.6345968829665253,
        "height": 0.5
    },
    {
        "position": {
            "x": 89.50210693649373,
            "y": -111.53600849380342
        },
        "angle": 1.0857654358258961,
        "width": 0.6716410378583555,
        "height": 0.5
    },
    {
        "position": {
            "x": 87.56823518156119,
            "y": -114.57785385714149
        },
        "angle": 1.331735445808715,
        "width": 0.9188181882879904,
        "height": 0.5
    },
    {
        "position": {
            "x": 86.11994564690116,
            "y": -116.60929869140584
        },
        "angle": 1.136990589816761,
        "width": 0.9398395108698925,
        "height": 0.5
    },
    {
        "position": {
            "x": 84.83991295294456,
            "y": -119.73142495877971
        },
        "angle": 1.300470556155111,
        "width": 0.6218904333580619,
        "height": 0.5
    },
    {
        "position": {
            "x": 83.49337586161013,
            "y": -122.08047851366408
        },
        "angle": 1.1928223239711777,
        "width": 0.48760215765469084,
        "height": 0.5
    },
    {
        "position": {
            "x": 99.27597401302886,
            "y": -106.91495185748437
        },
        "angle": -0.07397556761061774,
        "width": 4.997935832938,
        "height": 0.5
    },
    {
        "position": {
            "x": 101.67414600212281,
            "y": -104.24591477293635
        },
        "angle": 1.5611067758687285,
        "width": 5.471342585903964,
        "height": 0.5
    },
    {
        "position": {
            "x": 87.74050341615865,
            "y": -61.037441897308014
        },
        "angle": -0.20760645325516472,
        "width": 19.279478787658483,
        "height": 0.5
    },
    {
        "position": {
            "x": 99.87483130352115,
            "y": -72.90950589017773
        },
        "angle": -1.2858852990494012,
        "width": 21.049608019757795,
        "height": 0.5
    },
    {
        "position": {
            "x": 103.80436268250145,
            "y": -89.41578448149934
        },
        "angle": -1.4398644998654517,
        "width": 13.059646559096475,
        "height": 0.5
    },
    {
        "position": {
            "x": 103.2556654943197,
            "y": -98.63379022694085
        },
        "angle": -2.0231235062881407,
        "width": 6.252716720260291,
        "height": 0.5
    },
    {
        "position": {
            "x": 37.72475632311791,
            "y": -95.08435023526711
        },
        "angle": -1.7330817395425597,
        "width": 53.01643091215691,
        "height": 0.5
    },
    {
        "position": {
            "x": 78.55156140090978,
            "y": -120.86008108706832
        },
        "angle": -1.3461030341735847,
        "width": 0.5761051232072685,
        "height": 0.5
    },
    {
        "position": {
            "x": 79.02249099657134,
            "y": -121.53743690394802
        },
        "angle": -0.7037932180974242,
        "width": 0.4581704923142004,
        "height": 0.5
    },
    {
        "position": {
            "x": 79.98023681197309,
            "y": -121.91998704567075
        },
        "angle": 0.029897131044047676,
        "width": 0.7391292210182812,
        "height": 0.5
    },
    {
        "position": {
            "x": 81.29391698403211,
            "y": -121.64443765973654
        },
        "angle": 0.6155504594062535,
        "width": 0.432211505070742,
        "height": 0.5
    },
    {
        "position": {
            "x": 82.06270136212896,
            "y": -120.7871690676372
        },
        "angle": 1.0106414205284717,
        "width": 0.8887194526327509,
        "height": 0.5
    },
    {
        "position": {
            "x": 78.13734033360484,
            "y": -125.91510359900994
        },
        "angle": 2.352162270557338,
        "width": 2.4354546343321664,
        "height": 0.5
    },
    {
        "position": {
            "x": 81.69182852372258,
            "y": -125.84682009217596
        },
        "angle": 1.0237807444460316,
        "width": 1.8330315748926063,
        "height": 0.5
    },
    {
        "position": {
            "x": 80.05725210777834,
            "y": -131.06229318665055
        },
        "angle": -0.03661668451420619,
        "width": 1.7761204004136968,
        "height": 0.5
    },
    {
        "position": {
            "x": 79.88396892517144,
            "y": -136.18475648076975
        },
        "angle": -0.05915797751625985,
        "width": 5.83685957077289,
        "height": 0.5
    },
    {
        "position": {
            "x": 79.95331744832603,
            "y": -140.67693352900858
        },
        "angle": -0.04664014687985629,
        "width": 11.495355025534383,
        "height": 0.5
    },
    {
        "position": {
            "x": 77.9474840410366,
            "y": -164.91066639445552
        },
        "angle": -0.0239504545814453,
        "width": 2.4163648585079316,
        "height": 0.5
    },
    {
        "position": {
            "x": 71.81235278500438,
            "y": -166.54419042922325
        },
        "angle": -1.3192982685927737,
        "width": 1.7926053924151937,
        "height": 0.5
    },
    {
        "position": {
            "x": 72.38575881194161,
            "y": -167.96297626187663
        },
        "angle": -1.1133378492895973,
        "width": 1.429288524411579,
        "height": 0.5
    },
    {
        "position": {
            "x": 73.01755820012667,
            "y": -169.05276349832883
        },
        "angle": -0.939387079595007,
        "width": 0.9885188845439868,
        "height": 0.5
    },
    {
        "position": {
            "x": 71.3814214897891,
            "y": -165.04186345922705
        },
        "angle": 1.8583927953454251,
        "width": 1.1879721507653132,
        "height": 0.5
    },
    {
        "position": {
            "x": 73.7507756115788,
            "y": -169.87223439712383
        },
        "angle": -0.8522889508355727,
        "width": 1.3050243821328005,
        "height": 0.5
    },
    {
        "position": {
            "x": 74.93925651705499,
            "y": -170.6088165316723
        },
        "angle": -0.31270218210992373,
        "width": 1.5952758177007353,
        "height": 0.5
    },
    {
        "position": {
            "x": 76.37520374953624,
            "y": -170.93608677952182
        },
        "angle": -0.12038021557226128,
        "width": 1.3638504402798644,
        "height": 0.5
    },
    {
        "position": {
            "x": 78.08867464059983,
            "y": -170.96219113597846
        },
        "angle": 0.011507728490180332,
        "width": 2.125907021886585,
        "height": 0.5
    },
    {
        "position": {
            "x": 79.86770402880126,
            "y": -170.77804560234134
        },
        "angle": 0.2355958400076545,
        "width": 1.472983038355788,
        "height": 0.5
    },
    {
        "position": {
            "x": 81.14561007886246,
            "y": -170.15244303606022
        },
        "angle": 0.7270787861649888,
        "width": 1.39159447399424,
        "height": 0.5
    },
    {
        "position": {
            "x": 82.15486814411528,
            "y": -169.14221527903612
        },
        "angle": 0.8415735050153322,
        "width": 1.4690729493270145,
        "height": 0.5
    },
    {
        "position": {
            "x": 83.09103453327825,
            "y": -168.04084733457336
        },
        "angle": 0.8918314593590992,
        "width": 1.4228042754056558,
        "height": 0.5
    },
    {
        "position": {
            "x": 83.63198478079252,
            "y": -166.77688850162548
        },
        "angle": 1.438953302371074,
        "width": 1.4330958109968577,
        "height": 0.5
    },
    {
        "position": {
            "x": 83.82515545173993,
            "y": -165.36137721625477
        },
        "angle": 1.4313571607585134,
        "width": 1.4241871984790075,
        "height": 0.5
    },
    {
        "position": {
            "x": 76.7458673599015,
            "y": -79.94855368869372
        },
        "angle": -1.854197278348725,
        "width": 19.478555733686733,
        "height": 0.5
    },
    {
        "position": {
            "x": 79.02513536127577,
            "y": -144.3607525969236
        },
        "angle": -0.1390419097989716,
        "width": 0.7816868641203759,
        "height": 0.5
    },
    {
        "position": {
            "x": 76.54103294715613,
            "y": -165.3396749425188
        },
        "angle": -2.322648403255267,
        "width": 1.2638825812867902,
        "height": 0.5
    },
    {
        "position": {
            "x": 79.4159049982365,
            "y": -165.34182061574398
        },
        "angle": -0.9072284572384657,
        "width": 0.9811568397004234,
        "height": 0.5
    },
    {
        "position": {
            "x": 76.24553207277711,
            "y": -168.8455757194796
        },
        "angle": 1.5810468135197773,
        "width": 0.736954158529585,
        "height": 0.5
    },
    {
        "position": {
            "x": 79.36890673200122,
            "y": -168.7544850558616
        },
        "angle": 1.6003620459245322,
        "width": 0.7709220750479187,
        "height": 0.5
    },
    {
        "position": {
            "x": 73.16318909669359,
            "y": -169.89615345629068
        },
        "angle": -2.318776807536562,
        "width": 0.844580406137432,
        "height": 0.5
    },
    {
        "position": {
            "x": 72.88338929490979,
            "y": -170.52719128620123
        },
        "angle": -1.5477036202820393,
        "width": 0.6431156745823682,
        "height": 0.5
    },
    {
        "position": {
            "x": 72.9751198391615,
            "y": -171.28478235102085
        },
        "angle": -1.3632044795780711,
        "width": 0.8913756888561977,
        "height": 0.5
    },
    {
        "position": {
            "x": 73.4018927024707,
            "y": -171.83017110237387
        },
        "angle": -0.3666102731725418,
        "width": 0.7339663563697905,
        "height": 0.5
    },
    {
        "position": {
            "x": 74.29256633368087,
            "y": -172.1167559978413
        },
        "angle": -0.25745688871273553,
        "width": 0.9804718220358076,
        "height": 0.5
    },
    {
        "position": {
            "x": 75.1466244124801,
            "y": -171.79989281483688
        },
        "angle": 0.9019017202938506,
        "width": 0.5062222199839823,
        "height": 0.5
    },
    {
        "position": {
            "x": 75.60079498984362,
            "y": -171.18466626271936
        },
        "angle": 0.9877922713939915,
        "width": 0.94484084955641,
        "height": 0.5
    },
    {
        "position": {
            "x": 80.28435330379486,
            "y": -171.31057886988623
        },
        "angle": -1.4206585250542108,
        "width": 1.0348220293664465,
        "height": 0.5
    },
    {
        "position": {
            "x": 80.66254047743263,
            "y": -172.02073685147633
        },
        "angle": -0.605424964460834,
        "width": 0.7500051704912764,
        "height": 0.5
    },
    {
        "position": {
            "x": 81.32110431790107,
            "y": -172.32326092524033
        },
        "angle": -0.239239817447231,
        "width": 0.7520611256964961,
        "height": 0.5
    },
    {
        "position": {
            "x": 82.28251180589531,
            "y": -172.16015665199828
        },
        "angle": 0.3463327140419443,
        "width": 1.1397614010105808,
        "height": 0.5
    },
    {
        "position": {
            "x": 82.9049079332675,
            "y": -171.61662452085818
        },
        "angle": 1.3289621568790353,
        "width": 0.7211570294058385,
        "height": 0.5
    },
    {
        "position": {
            "x": 82.97512943787076,
            "y": -171.05228736616448
        },
        "angle": 1.6486330423720932,
        "width": 0.41490746796058064,
        "height": 0.5
    },
    {
        "position": {
            "x": 82.80370374964357,
            "y": -170.40761519254488
        },
        "angle": 1.9405140533290044,
        "width": 0.8595185041583855,
        "height": 0.5
    },
    {
        "position": {
            "x": 82.26414064204815,
            "y": -169.74053792631548
        },
        "angle": 2.5354765176226204,
        "width": 0.9351117497142784,
        "height": 0.5
    },
    {
        "position": {
            "x": 76.71944331198245,
            "y": -169.75960916036846
        },
        "angle": 0.3158542057233311,
        "width": 2.1011387335487526,
        "height": 0.5
    },
    {
        "position": {
            "x": 79.09822097274281,
            "y": -169.77663680570703
        },
        "angle": -0.4105914126217036,
        "width": 1.6723596082997985,
        "height": 0.5
    },
    {
        "position": {
            "x": 9.998589529047198,
            "y": -15.257164530249032
        },
        "angle": 0.39483512627871664,
        "width": 2.869100987578858,
        "height": 0.5
    }
]