[
    {
        "finish": {
            "x": 374.80468570889406,
            "y": -19.57349848502765,
            "r": 1.5
        }
    },
    {
        "position": {
            "x": 4,
            "y": 5.5
        },
        "angle": 0,
        "width": 15,
        "height": 0.5
    },
    {
        "position": {
            "x": 15.882957399031477,
            "y": 4.412009480466876
        },
        "angle": -0.23864142446400188,
        "width": 9.046735296852532,
        "height": 0.5
    },
    {
        "position": {
            "x": 22.942504637154403,
            "y": 1.6727072369706026
        },
        "angle": -0.5648279921830945,
        "width": 6.242608583333651,
        "height": 0.5
    },
    {
        "position": {
            "x": 28.319300460803383,
            "y": -2.986756766969136
        },
        "angle": -0.8287621990708303,
        "width": 8.20035999617979,
        "height": 0.5
    },
    {
        "position": {
            "x": 30.72762274225031,
            "y": -3.9187257374745164
        },
        "angle": 1.7425274902339962,
        "width": 4.242921700260244,
        "height": 0.5
    },
    {
        "position": {
            "x": 30.20105655071948,
            "y": -0.5601376400791139
        },
        "angle": 1.6994122781597967,
        "width": 2.5577925779765733,
        "height": 0.5
    },
    {
        "position": {
            "x": 30.121326982931123,
            "y": 1.7315954401723024
        },
        "angle": 1.4886057262954857,
        "width": 2.0537328999102593,
        "height": 0.5
    },
    {
        "position": {
            "x": 30.87575272643348,
            "y": 3.6665400342834333
        },
        "angle": 0.9368671830340705,
        "width": 2.2627213503735657,
        "height": 0.5
    },
    {
        "position": {
            "x": 32.612623330922304,
            "y": 5.248259772035345
        },
        "angle": 0.5609264745093787,
        "width": 2.5195931391703863,
        "height": 0.5
    },
    {
        "position": {
            "x": 35.049241896601,
            "y": 5.947209905662282
        },
        "angle": 0.016344884820195693,
        "width": 2.740105859784052,
        "height": 0.5
    },
    {
        "position": {
            "x": 37.69347099645128,
            "y": 5.856261745113116
        },
        "angle": -0.08034789399109639,
        "width": 2.514247294304157,
        "height": 0.5
    },
    {
        "position": {
            "x": 39.63442589153645,
            "y": 5.2631035463301
        },
        "angle": -0.6211266402686269,
        "width": 1.6917540498161188,
        "height": 0.5
    },
    {
        "position": {
            "x": 40.96610647106751,
            "y": 3.8244076963586346
        },
        "angle": -0.9734628946824961,
        "width": 2.2892897005126156,
        "height": 0.5
    },
    {
        "position": {
            "x": 41.66931168503005,
            "y": 1.9766922491273602
        },
        "angle": -1.5049724086864624,
        "width": 1.8064705214084498,
        "height": 0.5
    },
    {
        "position": {
            "x": 41.79590032501423,
            "y": 0.07935192748211822
        },
        "angle": -1.5034555737934143,
        "width": 1.9966477016202038,
        "height": 0.5
    },
    {
        "position": {
            "x": 42.35975165798578,
            "y": -3.579698030111029
        },
        "angle": -1.386404851469111,
        "width": 5.417820547876358,
        "height": 0.5
    },
    {
        "position": {
            "x": 43.03572841285231,
            "y": -7.960714223804076
        },
        "angle": -1.4874834295085275,
        "width": 3.6022931237660125,
        "height": 0.5
    },
    {
        "position": {
            "x": 43.17082509523486,
            "y": -12.004520604947615
        },
        "angle": -1.6087586158525533,
        "width": 4.605080879974521,
        "height": 0.5
    },
    {
        "position": {
            "x": 45.26788825013245,
            "y": -12.749319229190672
        },
        "angle": 0.6138136729447707,
        "width": 5.260959219506514,
        "height": 0.5
    },
    {
        "position": {
            "x": 47.104075376392544,
            "y": -7.222367653243465
        },
        "angle": 1.6540412192381193,
        "width": 7.9590608922801405,
        "height": 0.5
    },
    {
        "position": {
            "x": 48.519144164046004,
            "y": -3.046224210391654
        },
        "angle": 0.12224983697074832,
        "width": 3.2666514571987175,
        "height": 0.5
    },
    {
        "position": {
            "x": 50.38087858929248,
            "y": -5.924593662618923
        },
        "angle": -1.492776324762847,
        "width": 6.173873572830045,
        "height": 0.5
    },
    {
        "position": {
            "x": 52.28347390694658,
            "y": -7.3773986862017615
        },
        "angle": 0.7710474212857622,
        "width": 4.634803403106182,
        "height": 0.5
    },
    {
        "position": {
            "x": 53.717450872263164,
            "y": -2.477056014972666
        },
        "angle": 1.6370796142730129,
        "width": 6.58521266214382,
        "height": 0.5
    },
    {
        "position": {
            "x": 55.41261707140096,
            "y": 1.3504078126675132
        },
        "angle": 0.2760970193954361,
        "width": 3.977129301388225,
        "height": 0.5
    },
    {
        "position": {
            "x": 57.472566884522806,
            "y": -0.36590990724599237
        },
        "angle": -1.5059307359587342,
        "width": 4.526330148636461,
        "height": 0.5
    },
    {
        "position": {
            "x": 59.303054744986994,
            "y": -1.190658978704754
        },
        "angle": 0.7053332426439649,
        "width": 4.422902732662533,
        "height": 0.5
    },
    {
        "position": {
            "x": 61.00455037647813,
            "y": 2.8743588606777255
        },
        "angle": 1.5677819949690803,
        "width": 5.262746612463252,
        "height": 0.5
    },
    {
        "position": {
            "x": 65.9615253323634,
            "y": 5.6740840016114635
        },
        "angle": 0.02229638967772841,
        "width": 9.789177708626854,
        "height": 0.5
    },
    {
        "position": {
            "x": 77.00941470465327,
            "y": 5.796638394050172
        },
        "angle": -0.002175297138110377,
        "width": 12.301721540746714,
        "height": 0.5
    },
    {
        "position": {
            "x": 85.86387100259776,
            "y": 4.370361166952284
        },
        "angle": -0.49771267125074026,
        "width": 6.115956517124955,
        "height": 0.5
    },
    {
        "position": {
            "x": 91.1390541419064,
            "y": 4.264299538228151
        },
        "angle": 0.48194947649056297,
        "width": 5.841843570871857,
        "height": 0.5
    },
    {
        "position": {
            "x": 96.41704314440881,
            "y": 2.3515826828017965
        },
        "angle": -0.8819355984914963,
        "width": 8.462979014545517,
        "height": 0.5
    },
    {
        "position": {
            "x": 102.47778781045045,
            "y": 2.321279360309187
        },
        "angle": 0.7650170891639889,
        "width": 9.345998862057266,
        "height": 0.5
    },
    {
        "position": {
            "x": 110.203692030709,
            "y": -0.600185397033838
        },
        "angle": -0.9552348547869799,
        "width": 15.084211159560049,
        "height": 0.5
    },
    {
        "position": {
            "x": 118.08528157446133,
            "y": -0.6530157925963498
        },
        "angle": 1.0476822029933572,
        "width": 14.118450729533377,
        "height": 0.5
    },
    {
        "position": {
            "x": 126.17583651867193,
            "y": -4.015054863405261
        },
        "angle": -1.1207223126208605,
        "width": 20.967323454416636,
        "height": 0.5
    },
    {
        "position": {
            "x": 135.5659382829095,
            "y": -3.850951950330205
        },
        "angle": 1.1048607814995228,
        "width": 21.49928457009069,
        "height": 0.5
    },
    {
        "position": {
            "x": 153.9817253282693,
            "y": 5.458884352250658
        },
        "angle": -0.02215737829049692,
        "width": 27.42017442196474,
        "height": 0.5
    },
    {
        "position": {
            "x": 172.5374284949188,
            "y": 5.021993235803139
        },
        "angle": -0.04878515074691259,
        "width": 9.63238772836264,
        "height": 0.5
    },
    {
        "position": {
            "x": 174.19523523697035,
            "y": 2.015441034402238
        },
        "angle": -0.023571272098630934,
        "width": 1.703273022433386,
        "height": 0.5
    },
    {
        "position": {
            "x": 182.4066026413223,
            "y": -12.770188243808079
        },
        "angle": -0.026986903437463912,
        "width": 8.877159282473047,
        "height": 0.5
    },
    {
        "position": {
            "x": 181.2109795092901,
            "y": -4.068779859176429
        },
        "angle": 1.2273986648550128,
        "width": 18.138839629960067,
        "height": 0.5
    },
    {
        "position": {
            "x": 180.8014817850012,
            "y": 4.623279262343603
        },
        "angle": -0.039988929771629156,
        "width": 6.912368031205071,
        "height": 0.5
    },
    {
        "position": {
            "x": 194.03570838327101,
            "y": -10.772049118786434
        },
        "angle": 0.26968137057541197,
        "width": 15.08493837797571,
        "height": 0.5
    },
    {
        "position": {
            "x": 209.11946449001076,
            "y": -4.309522456539066
        },
        "angle": 0.49474066680306744,
        "width": 18.24201556534333,
        "height": 0.5
    },
    {
        "position": {
            "x": 222.7874859207319,
            "y": 1.1647871617620127
        },
        "angle": 0.18152596880920394,
        "width": 11.84781812175232,
        "height": 0.5
    },
    {
        "position": {
            "x": 227.19949422532238,
            "y": -15.047506499286925
        },
        "angle": -1.6491533146719708,
        "width": 34.58010274645765,
        "height": 0.5
    },
    {
        "position": {
            "x": 227.35919201700852,
            "y": -35.3560158272566
        },
        "angle": -1.157623167372006,
        "width": 7.002834710586054,
        "height": 0.5
    },
    {
        "position": {
            "x": 248.1961757256538,
            "y": -38.758919377035255
        },
        "angle": -0.01810173321633779,
        "width": 38.917563861457424,
        "height": 0.5
    },
    {
        "position": {
            "x": 228.6572015786195,
            "y": -38.724410595619084
        },
        "angle": -1.8571822899610047,
        "width": 0.5634525719137276,
        "height": 0.5
    },
    {
        "position": {
            "x": 229.73872734279536,
            "y": -38.80560708821735
        },
        "angle": -1.4567671881293975,
        "width": 0.3998259478747768,
        "height": 0.5
    },
    {
        "position": {
            "x": 233.61654456499562,
            "y": -39.73704593256747
        },
        "angle": -0.027919667190459126,
        "width": 2.4502578622046904,
        "height": 0.5
    },
    {
        "position": {
            "x": 232.5452381739653,
            "y": -40.394552217492816
        },
        "angle": -1.6034113917011408,
        "width": 1.3037129085004087,
        "height": 0.5
    },
    {
        "position": {
            "x": 234.28682960594602,
            "y": -41.098789875584124
        },
        "angle": -0.028607226077487002,
        "width": 3.253090209240375,
        "height": 0.5
    },
    {
        "position": {
            "x": 235.88181686281757,
            "y": -40.40282325699121
        },
        "angle": 1.5291104427728337,
        "width": 1.2721985479883178,
        "height": 0.5
    },
    {
        "position": {
            "x": 237.40898159580223,
            "y": -41.30908105483096
        },
        "angle": -1.593186429953294,
        "width": 2.774471221536406,
        "height": 0.5
    },
    {
        "position": {
            "x": 235.4265788488256,
            "y": -42.662347182361756
        },
        "angle": 3.121779627200615,
        "width": 3.9034561248470965,
        "height": 0.5
    },
    {
        "position": {
            "x": 233.63734622933413,
            "y": -43.89448393643849
        },
        "angle": -1.5916452565602799,
        "width": 2.4994723766417746,
        "height": 0.5
    },
    {
        "position": {
            "x": 234.16710630920667,
            "y": -45.19010091866543
        },
        "angle": -0.07382392753642808,
        "width": 1.1146637726666866,
        "height": 0.5
    },
    {
        "position": {
            "x": 234.90996972175552,
            "y": -44.61695923662377
        },
        "angle": 1.5384560217371828,
        "width": 1.2559524048073407,
        "height": 0.5
    },
    {
        "position": {
            "x": 237.00489996110787,
            "y": -44.05101335894572
        },
        "angle": -0.03216209094543876,
        "width": 4.151396592206286,
        "height": 0.5
    },
    {
        "position": {
            "x": 239.20549273005227,
            "y": -41.39708491509394
        },
        "angle": 1.5087904318411378,
        "width": 5.397797503241082,
        "height": 0.5
    },
    {
        "position": {
            "x": 232.28569295450552,
            "y": -43.746018777442195
        },
        "angle": -1.6447612842535853,
        "width": 5.421684988075158,
        "height": 0.5
    },
    {
        "position": {
            "x": 233.526803786438,
            "y": -46.59344819035905
        },
        "angle": -0.09243065451328358,
        "width": 2.9051974009855304,
        "height": 0.5
    },
    {
        "position": {
            "x": 232.06376003161597,
            "y": -47.65318771360269
        },
        "angle": -1.6071798624250442,
        "width": 2.804148185365046,
        "height": 0.5
    },
    {
        "position": {
            "x": 233.6632440602399,
            "y": -48.20601049263911
        },
        "angle": -0.10107744229976756,
        "width": 2.89815690588457,
        "height": 0.5
    },
    {
        "position": {
            "x": 231.9293701169815,
            "y": -50.004245995507006
        },
        "angle": -1.6493566516203235,
        "width": 2.494050531968449,
        "height": 0.5
    },
    {
        "position": {
            "x": 234.26284892405675,
            "y": -50.01326323200756
        },
        "angle": -0.0750543242888273,
        "width": 4.347959554830405,
        "height": 0.5
    },
    {
        "position": {
            "x": 236.56576012666451,
            "y": -47.97677414086808
        },
        "angle": 1.5094722808115928,
        "width": 4.407289569213927,
        "height": 0.5
    },
    {
        "position": {
            "x": 237.8739625982384,
            "y": -45.7930310958663
        },
        "angle": 0.017098678987108373,
        "width": 2.34664451262923,
        "height": 0.5
    },
    {
        "position": {
            "x": 240.8830421381411,
            "y": -43.746728088703264
        },
        "angle": -1.6208888039721825,
        "width": 7.45626660429907,
        "height": 0.5
    },
    {
        "position": {
            "x": 239.46477147240216,
            "y": -47.388781638584064
        },
        "angle": 3.075592933754322,
        "width": 2.468569196273383,
        "height": 0.5
    },
    {
        "position": {
            "x": 238.11210327037833,
            "y": -49.55763383431888
        },
        "angle": -1.624547669651149,
        "width": 4.507020299653153,
        "height": 0.5
    },
    {
        "position": {
            "x": 235.68547392844408,
            "y": -51.71846151683759
        },
        "angle": 3.096004898353316,
        "width": 4.63628458641697,
        "height": 0.5
    },
    {
        "position": {
            "x": 231.6488497667472,
            "y": -55.54354921124491
        },
        "angle": -1.622205857732792,
        "width": 8.873681754703332,
        "height": 0.5
    },
    {
        "position": {
            "x": 253.53951822083536,
            "y": -42.26039256663999
        },
        "angle": -1.5987254078631943,
        "width": 3.5519427810848945,
        "height": 0.5
    },
    {
        "position": {
            "x": 255.64251977203398,
            "y": -40.743304570626606
        },
        "angle": -1.583877630480464,
        "width": 3.6743832524826474,
        "height": 0.5
    },
    {
        "position": {
            "x": 256.65307071214914,
            "y": -42.57847765237064
        },
        "angle": 0.006916569697714256,
        "width": 2.0692157269288884,
        "height": 0.5
    },
    {
        "position": {
            "x": 257.66184302304623,
            "y": -41.52809369046634
        },
        "angle": 1.5955325673656962,
        "width": 2.0870946579730845,
        "height": 0.5
    },
    {
        "position": {
            "x": 256.2975516859001,
            "y": -44.05250627592035
        },
        "angle": -0.015987244623137713,
        "width": 5.6353347935625075,
        "height": 0.5
    },
    {
        "position": {
            "x": 259.2182263157364,
            "y": -42.43238187567354
        },
        "angle": 1.5238080611066342,
        "width": 3.334018346152171,
        "height": 0.5
    },
    {
        "position": {
            "x": 260.2170300303187,
            "y": -40.80295069463489
        },
        "angle": -0.03880499138037964,
        "width": 1.8423923193575955,
        "height": 0.5
    },
    {
        "position": {
            "x": 260.9836192232766,
            "y": -42.462908116670846
        },
        "angle": -1.6652757052209466,
        "width": 3.2629912434649926,
        "height": 0.5
    },
    {
        "position": {
            "x": 261.7625322640855,
            "y": -44.04220290937941
        },
        "angle": 0.008495734348354045,
        "width": 1.7722404742112858,
        "height": 0.5
    },
    {
        "position": {
            "x": 262.5376423319017,
            "y": -46.110293691741035
        },
        "angle": -1.5939018043667796,
        "width": 4.013989836418246,
        "height": 0.5
    },
    {
        "position": {
            "x": 263.31415875770426,
            "y": -48.1515809454221
        },
        "angle": -0.04229907349097051,
        "width": 1.6472431653598802,
        "height": 0.5
    },
    {
        "position": {
            "x": 264.1620685330479,
            "y": -49.51363865517819
        },
        "angle": -1.5519435726995674,
        "width": 2.6549311379690677,
        "height": 0.5
    },
    {
        "position": {
            "x": 263.54217403407915,
            "y": -42.8507567462279
        },
        "angle": -0.018032172206364692,
        "width": 1.6195604312234517,
        "height": 0.5
    },
    {
        "position": {
            "x": 264.3202698809811,
            "y": -44.65226622071791
        },
        "angle": -1.648428673894032,
        "width": 3.8049037549288185,
        "height": 0.5
    },
    {
        "position": {
            "x": 265.59219658920176,
            "y": -51.179711360366284
        },
        "angle": -0.015094906299123466,
        "width": 2.9157122808998213,
        "height": 0.5
    },
    {
        "position": {
            "x": 262.86650935782245,
            "y": -41.59554713743976
        },
        "angle": 1.544695697988738,
        "width": 2.019225097337432,
        "height": 0.5
    },
    {
        "position": {
            "x": 263.7885490334929,
            "y": -40.51077829477381
        },
        "angle": -0.01188163020268388,
        "width": 1.9634970707398236,
        "height": 0.5
    },
    {
        "position": {
            "x": 267.06353658718933,
            "y": -45.97432545480412
        },
        "angle": -1.5918296440601798,
        "width": 13.538859398858262,
        "height": 0.5
    },
    {
        "position": {
            "x": 265.58742790532585,
            "y": -46.638126011234675
        },
        "angle": -0.07522239542852471,
        "width": 2.849977951382613,
        "height": 0.5
    },
    {
        "position": {
            "x": 265.6184605374067,
            "y": -41.658905267150246
        },
        "angle": 0.006657955877640508,
        "width": 2.9600365671491042,
        "height": 0.5
    },
    {
        "position": {
            "x": 250.8748449169318,
            "y": -40.56715149208348
        },
        "angle": 3.139370489290666,
        "width": 5.020767185131165,
        "height": 0.5
    },
    {
        "position": {
            "x": 243.94373651666479,
            "y": -40.41254789781936
        },
        "angle": -0.044804859563351895,
        "width": 5.5813842270193135,
        "height": 0.5
    },
    {
        "position": {
            "x": 250.16558100510156,
            "y": -42.22163063783864
        },
        "angle": -0.03196915357903718,
        "width": 3.3447512596596076,
        "height": 0.5
    },
    {
        "position": {
            "x": 257.02251400923075,
            "y": -45.934385073448
        },
        "angle": 0.0048206137057371645,
        "width": 7.095909269610267,
        "height": 0.5
    },
    {
        "position": {
            "x": 260.3787361275363,
            "y": -48.697817042453764
        },
        "angle": -1.6396278470424428,
        "width": 5.574270057892335,
        "height": 0.5
    },
    {
        "position": {
            "x": 261.1709416186843,
            "y": -51.43611519954507
        },
        "angle": 0.042902007957773325,
        "width": 1.9696058998231836,
        "height": 0.5
    },
    {
        "position": {
            "x": 262.20320566460566,
            "y": -50.57991044098557
        },
        "angle": 1.5114445171290165,
        "width": 1.6308069158440182,
        "height": 0.5
    },
    {
        "position": {
            "x": 246.5992156983989,
            "y": -42.29139229139636
        },
        "angle": -1.541896533066463,
        "width": 3.250116898107243,
        "height": 0.5
    },
    {
        "position": {
            "x": 248.35956336409623,
            "y": -43.872922080619276
        },
        "angle": 0.02500373257390298,
        "width": 3.4278521654762653,
        "height": 0.5
    },
    {
        "position": {
            "x": 249.94391304441197,
            "y": -45.96871418240435
        },
        "angle": -1.6317018147496847,
        "width": 4.240027829784108,
        "height": 0.5
    },
    {
        "position": {
            "x": 248.57282850207346,
            "y": -46.399789707727635
        },
        "angle": -1.6548386818704839,
        "width": 2.225884466418122,
        "height": 0.5
    },
    {
        "position": {
            "x": 247.6773956510574,
            "y": -47.41365111744788
        },
        "angle": 3.099411098905097,
        "width": 1.6572406192374483,
        "height": 0.5
    },
    {
        "position": {
            "x": 246.80106993689597,
            "y": -46.283456465179576
        },
        "angle": 1.548331132313482,
        "width": 1.8775403994268978,
        "height": 0.5
    },
    {
        "position": {
            "x": 242.85397121324155,
            "y": -42.019272800937024
        },
        "angle": -0.049354110014806274,
        "width": 3.5562897175724943,
        "height": 0.5
    },
    {
        "position": {
            "x": 244.4868107599582,
            "y": -43.70287038732479
        },
        "angle": -1.5977863513190802,
        "width": 3.048431704727508,
        "height": 0.5
    },
    {
        "position": {
            "x": 244.52610532931715,
            "y": -45.33184790928381
        },
        "angle": -0.08596421344846414,
        "width": 4.06117238704162,
        "height": 0.5
    },
    {
        "position": {
            "x": 242.39520221482167,
            "y": -45.86321555902811
        },
        "angle": -1.5959874204932007,
        "width": 3.6213987404937042,
        "height": 0.5
    },
    {
        "position": {
            "x": 248.62232980566057,
            "y": -49.470291252614096
        },
        "angle": 3.131174036731942,
        "width": 6.0381864900616335,
        "height": 0.5
    },
    {
        "position": {
            "x": 245.27064801932147,
            "y": -48.19691705133555
        },
        "angle": 1.6611445337896373,
        "width": 2.5646891421512907,
        "height": 0.5
    },
    {
        "position": {
            "x": 244.55204508986344,
            "y": -46.884608305670845
        },
        "angle": 3.141592653589793,
        "width": 1.6247048144009852,
        "height": 0.5
    },
    {
        "position": {
            "x": 243.74980953277898,
            "y": -48.075453535699346
        },
        "angle": -1.6209498670111606,
        "width": 2.3849345938644197,
        "height": 0.5
    },
    {
        "position": {
            "x": 241.77800478803147,
            "y": -49.15789518387787
        },
        "angle": -3.140161322712962,
        "width": 3.426979187339445,
        "height": 0.5
    },
    {
        "position": {
            "x": 239.8713157694857,
            "y": -51.285560734656315
        },
        "angle": -1.6614562139956341,
        "width": 4.267953566208518,
        "height": 0.5
    },
    {
        "position": {
            "x": 234.860611150573,
            "y": -55.959059164730775
        },
        "angle": -1.6225076818586346,
        "width": 5.330919124241545,
        "height": 0.5
    },
    {
        "position": {
            "x": 236.46495963625551,
            "y": -58.59275116404312
        },
        "angle": 0.011895402014919565,
        "width": 3.4844897057474835,
        "height": 0.5
    },
    {
        "position": {
            "x": 238.25417056496843,
            "y": -53.333521959754435
        },
        "angle": -3.0889592382990267,
        "width": 2.9439721965483194,
        "height": 0.5
    },
    {
        "position": {
            "x": 236.68428068392376,
            "y": -55.04891053974143
        },
        "angle": -1.63173746838886,
        "width": 3.28198986023656,
        "height": 0.5
    },
    {
        "position": {
            "x": 238.21640099120165,
            "y": -56.66172039097559
        },
        "angle": 1.5707963267948966,
        "width": 3.680080872531704,
        "height": 0.5
    },
    {
        "position": {
            "x": 239.66580838450017,
            "y": -54.827075608104984
        },
        "angle": -0.0037226445067841674,
        "width": 2.8988348727196978,
        "height": 0.5
    },
    {
        "position": {
            "x": 253.4762898208533,
            "y": -48.47375504944349
        },
        "angle": -1.6023173023557393,
        "width": 4.918251244352977,
        "height": 0.5
    },
    {
        "position": {
            "x": 251.78984156362264,
            "y": -50.93288539857093
        },
        "angle": -3.140830487661385,
        "width": 3.217895042466798,
        "height": 0.5
    },
    {
        "position": {
            "x": 251.67714598475374,
            "y": -46.71409758591821
        },
        "angle": -1.5789735199950505,
        "width": 8.832979921551322,
        "height": 0.5
    },
    {
        "position": {
            "x": 248.10454898042508,
            "y": -52.62791764983949
        },
        "angle": -1.577003411180271,
        "width": 2.844913056726588,
        "height": 0.5
    },
    {
        "position": {
            "x": 247.70097863215778,
            "y": -54.067698706966944
        },
        "angle": -3.1336185640740037,
        "width": 0.8765762886430042,
        "height": 0.5
    },
    {
        "position": {
            "x": 246.64827439189622,
            "y": -51.261223170520395
        },
        "angle": -0.03460332075356608,
        "width": 2.9596934935801955,
        "height": 0.5
    },
    {
        "position": {
            "x": 245.4644294707803,
            "y": -53.396307744717326
        },
        "angle": -1.5348171507221617,
        "width": 4.360179826511842,
        "height": 0.5
    },
    {
        "position": {
            "x": 247.84653864534323,
            "y": -55.61079426376476
        },
        "angle": -0.0009438177119038826,
        "width": 4.937270312664499,
        "height": 0.5
    },
    {
        "position": {
            "x": 250.19935009688703,
            "y": -53.341247554388545
        },
        "angle": 1.5050890828020465,
        "width": 4.529000936136833,
        "height": 0.5
    },
    {
        "position": {
            "x": 244.09600770745766,
            "y": -51.5177619637672
        },
        "angle": 1.4242483585394186,
        "width": 2.244740517315363,
        "height": 0.5
    },
    {
        "position": {
            "x": 243.9341994198433,
            "y": -52.61945628428785
        },
        "angle": 3.0973175166421454,
        "width": 5.305693183135888,
        "height": 0.5
    },
    {
        "position": {
            "x": 241.0476334267428,
            "y": -53.63751797718217
        },
        "angle": -1.643726849103079,
        "width": 2.2770098028059964,
        "height": 0.5
    },
    {
        "position": {
            "x": 258.4744915242513,
            "y": -49.37941822955448
        },
        "angle": -1.5785138805362693,
        "width": 3.4668612326281534,
        "height": 0.5
    },
    {
        "position": {
            "x": 257.48950582361863,
            "y": -51.121623755071404
        },
        "angle": 3.141592653589793,
        "width": 1.9432159789854495,
        "height": 0.5
    },
    {
        "position": {
            "x": 256.5345165371399,
            "y": -49.42051676480911
        },
        "angle": 1.561027291430047,
        "width": 3.402376330513207,
        "height": 0.5
    },
    {
        "position": {
            "x": 255.85011559351216,
            "y": -47.84256746576284
        },
        "angle": -3.0921709708725724,
        "width": 1.4628528672118708,
        "height": 0.5
    },
    {
        "position": {
            "x": 255.0042856716443,
            "y": -50.3984688235022
        },
        "angle": -1.6076579567728433,
        "width": 4.99217418742143,
        "height": 0.5
    },
    {
        "position": {
            "x": 253.3818589309215,
            "y": -52.94244057285388
        },
        "angle": -3.1201937397025583,
        "width": 3.0615764164964876,
        "height": 0.5
    },
    {
        "position": {
            "x": 251.7324698960971,
            "y": -55.10914707660482
        },
        "angle": -1.622485524419679,
        "width": 4.2736113863644585,
        "height": 0.5
    },
    {
        "position": {
            "x": 247.4496715276504,
            "y": -57.271164485729386
        },
        "angle": -3.1272655947054453,
        "width": 8.519442231145742,
        "height": 0.5
    },
    {
        "position": {
            "x": 243.15308170442012,
            "y": -57.04070927629827
        },
        "angle": 1.5571050874906702,
        "width": 2.8910978011123483,
        "height": 0.5
    },
    {
        "position": {
            "x": 243.29161686771985,
            "y": -54.23221742420036
        },
        "angle": 3.1205673676982846,
        "width": 1.8564643064006572,
        "height": 0.5
    },
    {
        "position": {
            "x": 241.98625567246816,
            "y": -56.991887526364906
        },
        "angle": -1.6132464458475337,
        "width": 5.453226866188364,
        "height": 0.5
    },
    {
        "position": {
            "x": 242.23070920850444,
            "y": -59.45380011975518
        },
        "angle": -0.057745211639869565,
        "width": 0.9295764024189925,
        "height": 0.5
    },
    {
        "position": {
            "x": 235.21733729770742,
            "y": -60.05697169723896
        },
        "angle": -0.02879876683442073,
        "width": 7.739939715503887,
        "height": 0.5
    },
    {
        "position": {
            "x": 233.21978298687526,
            "y": -57.51596511066572
        },
        "angle": -1.608847387503682,
        "width": 11.81859141250957,
        "height": 0.5
    },
    {
        "position": {
            "x": 231.15285765848245,
            "y": -62.65886755668106
        },
        "angle": -1.6152148463340876,
        "width": 5.559578306250102,
        "height": 0.5
    },
    {
        "position": {
            "x": 239.4026300808352,
            "y": -59.13163403854466
        },
        "angle": -1.645977975342064,
        "width": 5.780190633387072,
        "height": 0.5
    },
    {
        "position": {
            "x": 236.93595943554465,
            "y": -61.96301970558305
        },
        "angle": 3.1191276232034655,
        "width": 4.500321852033764,
        "height": 0.5
    },
    {
        "position": {
            "x": 234.69050372498032,
            "y": -62.77381933230096
        },
        "angle": -1.5757598598059892,
        "width": 1.7227118378876758,
        "height": 0.5
    },
    {
        "position": {
            "x": 236.9011360122165,
            "y": -63.763494127559966
        },
        "angle": -0.057874276825345516,
        "width": 4.437244326386839,
        "height": 0.5
    },
    {
        "position": {
            "x": 240.216050083962,
            "y": -56.52325619535435
        },
        "angle": -0.1957148891634048,
        "width": 1.0460545711612732,
        "height": 0.5
    },
    {
        "position": {
            "x": 240.65317024332285,
            "y": -58.7845031216457
        },
        "angle": -1.6059384773334835,
        "width": 4.321738230040148,
        "height": 0.5
    },
    {
        "position": {
            "x": 241.47010706741938,
            "y": -60.762887310328885
        },
        "angle": -0.058567754261018345,
        "width": 2.023918337610518,
        "height": 0.5
    },
    {
        "position": {
            "x": 242.39213477696566,
            "y": -61.44604702302613
        },
        "angle": -1.6676131898078224,
        "width": 1.6649784551996902,
        "height": 0.5
    },
    {
        "position": {
            "x": 241.54251220503235,
            "y": -61.9966018979807
        },
        "angle": 3.0532011735554008,
        "width": 1.8935115952324546,
        "height": 0.5
    },
    {
        "position": {
            "x": 242.4654363591396,
            "y": -63.16804806728534
        },
        "angle": -3.124085765169971,
        "width": 3.5766723205369284,
        "height": 0.5
    },
    {
        "position": {
            "x": 244.2828742705001,
            "y": -58.624384331610074
        },
        "angle": -1.594801020960086,
        "width": 8.894602996390912,
        "height": 0.5
    },
    {
        "position": {
            "x": 240.7832236619306,
            "y": -63.82962415324652
        },
        "angle": -1.5866363536689954,
        "width": 1.175455238211994,
        "height": 0.5
    },
    {
        "position": {
            "x": 243.46614431822536,
            "y": -64.37466244628772
        },
        "angle": 0.015827785263771377,
        "width": 5.385134301119982,
        "height": 0.5
    },
    {
        "position": {
            "x": 246.05824824477122,
            "y": -63.48518257003033
        },
        "angle": 1.6733570070016373,
        "width": 1.7889116729551438,
        "height": 0.5
    },
    {
        "position": {
            "x": 248.02332367958837,
            "y": -61.377572450026406
        },
        "angle": -0.014264883824012475,
        "width": 7.241664284397004,
        "height": 0.5
    },
    {
        "position": {
            "x": 253.344066935036,
            "y": -54.25856140536713
        },
        "angle": -0.07469834181593571,
        "width": 2.703630905913671,
        "height": 0.5
    },
    {
        "position": {
            "x": 256.7349029653643,
            "y": -55.97035677308659
        },
        "angle": -0.02022672268671366,
        "width": 6.443858299246756,
        "height": 0.5
    },
    {
        "position": {
            "x": 256.3166770990568,
            "y": -54.56762790706382
        },
        "angle": 1.544151810545491,
        "width": 2.438229239015993,
        "height": 0.5
    },
    {
        "position": {
            "x": 258.08515534593613,
            "y": -53.45458854876702
        },
        "angle": -0.06077906986708535,
        "width": 3.4784215746044476,
        "height": 0.5
    },
    {
        "position": {
            "x": 259.7531628447182,
            "y": -58.624867032527476
        },
        "angle": -1.6534082624158273,
        "width": 4.890302303968672,
        "height": 0.5
    },
    {
        "position": {
            "x": 260.8548932100926,
            "y": -61.03002778948393
        },
        "angle": 0.024277089444249222,
        "width": 2.6077671390493786,
        "height": 0.5
    },
    {
        "position": {
            "x": 262.1942503413855,
            "y": -57.1312524794819
        },
        "angle": 1.5637707647842114,
        "width": 7.734438721993223,
        "height": 0.5
    },
    {
        "position": {
            "x": 264.2546247287562,
            "y": -58.603007576695745
        },
        "angle": -1.6145289414715716,
        "width": 10.419614541106762,
        "height": 0.5
    },
    {
        "position": {
            "x": 266.9980898715502,
            "y": -58.34014244852355
        },
        "angle": -1.572255790853118,
        "width": 11.906589338905286,
        "height": 0.5
    },
    {
        "position": {
            "x": 247.65998780331887,
            "y": -62.840294144357074
        },
        "angle": -1.5416744969709102,
        "width": 2.43453446475737,
        "height": 0.5
    },
    {
        "position": {
            "x": 251.67936938540203,
            "y": -63.55255382664738
        },
        "angle": 1.5848989990509321,
        "width": 4.068332062068743,
        "height": 0.5
    },
    {
        "position": {
            "x": 250.20830386092734,
            "y": -64.62277071784165
        },
        "angle": 3.1017656209766686,
        "width": 2.798712641590998,
        "height": 0.5
    },
    {
        "position": {
            "x": 248.87149814876938,
            "y": -63.7841123524612
        },
        "angle": 1.4916492077431904,
        "width": 1.5541974431746475,
        "height": 0.5
    },
    {
        "position": {
            "x": 249.625959682697,
            "y": -63.02951290398576
        },
        "angle": -0.02894713588075759,
        "width": 1.3866221159324492,
        "height": 0.5
    },
    {
        "position": {
            "x": 253.56955722074514,
            "y": -57.325367205558685
        },
        "angle": -1.5802051196892022,
        "width": 2.7704121473423795,
        "height": 0.5
    },
    {
        "position": {
            "x": 249.68409066460913,
            "y": -58.61079974864839
        },
        "angle": 3.115849103367318,
        "width": 7.747434351000892,
        "height": 0.5
    },
    {
        "position": {
            "x": 245.70884173783293,
            "y": -59.87216620314099
        },
        "angle": -1.6482167135039343,
        "width": 2.658681587654761,
        "height": 0.5
    },
    {
        "position": {
            "x": 246.896630781056,
            "y": -59.96974074573377
        },
        "angle": 1.5630070354946306,
        "width": 1.1685854144467367,
        "height": 0.5
    },
    {
        "position": {
            "x": 250.79968144204082,
            "y": -59.96980970300767
        },
        "angle": -0.015158190460195621,
        "width": 7.733895105998082,
        "height": 0.5
    },
    {
        "position": {
            "x": 254.74086547550195,
            "y": -58.517776386134145
        },
        "angle": 1.5378051517223157,
        "width": 3.0229389602311483,
        "height": 0.5
    },
    {
        "position": {
            "x": 255.56628404429028,
            "y": -60.08103778583606
        },
        "angle": -0.030664217416855877,
        "width": 1.6688610047641204,
        "height": 0.5
    },
    {
        "position": {
            "x": 256.4043907514794,
            "y": -58.734647012603595
        },
        "angle": 1.5678309153022487,
        "width": 2.743959908435142,
        "height": 0.5
    },
    {
        "position": {
            "x": 257.4915711320573,
            "y": -57.451421102279255
        },
        "angle": -0.08175535189823457,
        "width": 2.173483471794866,
        "height": 0.5
    },
    {
        "position": {
            "x": 261.13058439121335,
            "y": -62.75968309114794
        },
        "angle": -3.089685137735734,
        "width": 5.847867978378545,
        "height": 0.5
    },
    {
        "position": {
            "x": 258.2848556112002,
            "y": -61.02382163483139
        },
        "angle": -1.5840015273783785,
        "width": 6.757436605335829,
        "height": 0.5
    },
    {
        "position": {
            "x": 259.166543315505,
            "y": -64.34666579307734
        },
        "angle": 0.05992963865106593,
        "width": 1.8559379814467434,
        "height": 0.5
    },
    {
        "position": {
            "x": 262.25107113509324,
            "y": -63.70343234197812
        },
        "angle": -1.6554398416381353,
        "width": 1.494275148810842,
        "height": 0.5
    },
    {
        "position": {
            "x": 256.21172412815486,
            "y": -62.32856221461789
        },
        "angle": -1.6116277602710807,
        "width": 4.5442102847742145,
        "height": 0.5
    },
    {
        "position": {
            "x": 241.34260506794655,
            "y": -65.62989170340168
        },
        "angle": -0.020104144200913554,
        "width": 20.629427368806123,
        "height": 0.5
    },
    {
        "position": {
            "x": 251.63482298645152,
            "y": -66.87636338672819
        },
        "angle": -1.5904367766339003,
        "width": 2.078635222358815,
        "height": 0.5
    },
    {
        "position": {
            "x": 259.24494773594876,
            "y": -67.70874664018217
        },
        "angle": 0.027086346723822263,
        "width": 15.266672213827677,
        "height": 0.5
    },
    {
        "position": {
            "x": 264.00079300346715,
            "y": -64.63125246253347
        },
        "angle": -1.6031525295975466,
        "width": 2.4811401537153874,
        "height": 0.5
    },
    {
        "position": {
            "x": 258.4684888316416,
            "y": -66.07556256472827
        },
        "angle": -3.1373813953276635,
        "width": 10.741707722943607,
        "height": 0.5
    },
    {
        "position": {
            "x": 253.14347022521105,
            "y": -64.9144599865112
        },
        "angle": 1.5321344875938134,
        "width": 2.3692115826435667,
        "height": 0.5
    },
    {
        "position": {
            "x": 253.973371016804,
            "y": -63.73073942244932
        },
        "angle": 0,
        "width": 1.5682263234239713,
        "height": 0.5
    },
    {
        "position": {
            "x": 254.73555576541034,
            "y": -64.33866674930296
        },
        "angle": -1.6068514754835488,
        "width": 1.2166453715635401,
        "height": 0.5
    },
    {
        "position": {
            "x": 253.8324913061913,
            "y": -62.04087246783551
        },
        "angle": 0,
        "width": 0.8324522107278938,
        "height": 0.5
    },
    {
        "position": {
            "x": 286.78993074525613,
            "y": -55.70148123687228
        },
        "angle": 0.5417471987607785,
        "width": 45.0508663886183,
        "height": 0.5
    },
    {
        "position": {
            "x": 267.7407294881776,
            "y": -64.63100838491971
        },
        "angle": -0.2463808777083405,
        "width": 1.6584352596226621,
        "height": 0.5
    },
    {
        "position": {
            "x": 266.7002862292512,
            "y": -64.81279128355526
        },
        "angle": -2.194629832186126,
        "width": 1.282888390756929,
        "height": 0.5
    },
    {
        "position": {
            "x": 286.53545441016934,
            "y": -59.510194533786674
        },
        "angle": -2.5961177902711405,
        "width": 37.57441472085468,
        "height": 0.5
    },
    {
        "position": {
            "x": 264.5279647502008,
            "y": -70.7530286230484
        },
        "angle": -1.4673953784664229,
        "width": 6.091553923365786,
        "height": 0.5
    },
    {
        "position": {
            "x": 333.6895002036604,
            "y": -55.68172679110596
        },
        "angle": 0.040676123272853415,
        "width": 23.81470756707552,
        "height": 0.5
    },
    {
        "position": {
            "x": 266.26999472968964,
            "y": -75.729099142329
        },
        "angle": -1.0023499058439276,
        "width": 4.908886711367537,
        "height": 0.5
    },
    {
        "position": {
            "x": 270.5934379433447,
            "y": -78.0895595334419
        },
        "angle": -0.09765573852189458,
        "width": 5.989849041727489,
        "height": 0.5
    },
    {
        "position": {
            "x": 351.02354826069075,
            "y": -41.65573429957708
        },
        "angle": 1.1835901448775905,
        "width": 29.065084578017686,
        "height": 0.5
    },
    {
        "position": {
            "x": 365.1658257162803,
            "y": -41.93786090792614
        },
        "angle": 2.065916613559934,
        "width": 30.98325820509283,
        "height": 0.5
    },
    {
        "position": {
            "x": 350.63078970288007,
            "y": -27.964974853545172
        },
        "angle": 1.4256932208030375,
        "width": 1.4774977804052356,
        "height": 0.5
    },
    {
        "position": {
            "x": 351.12755282416805,
            "y": -26.5820525833223
        },
        "angle": 1.0317516984822745,
        "width": 1.5193131778028999,
        "height": 0.5
    },
    {
        "position": {
            "x": 352.0894718508622,
            "y": -25.4427921064393
        },
        "angle": 0.6978302314126046,
        "width": 1.4929428085965872,
        "height": 0.5
    },
    {
        "position": {
            "x": 353.5764117024458,
            "y": -24.768992036078814
        },
        "angle": 0.2090924263887315,
        "width": 1.870673735641279,
        "height": 0.5
    },
    {
        "position": {
            "x": 361.56579019399055,
            "y": -24.849806632370246
        },
        "angle": -0.38110167813209683,
        "width": 1.7097231593479174,
        "height": 0.5
    },
    {
        "position": {
            "x": 363.1640556537285,
            "y": -25.920615258287484
        },
        "angle": -0.7520979972724415,
        "width": 2.203978457839348,
        "height": 0.5
    },
    {
        "position": {
            "x": 364.30319433016496,
            "y": -27.520768624947074
        },
        "angle": -1.1948959235413268,
        "width": 1.8218132569335077,
        "height": 0.5
    },
    {
        "position": {
            "x": 347.3840813622768,
            "y": -54.07726925997734
        },
        "angle": 0.01396103845872343,
        "width": 2.7811972843216606,
        "height": 0.5
    },
    {
        "position": {
            "x": 349.7029646316978,
            "y": -52.28354564535762
        },
        "angle": 0,
        "width": 2.4582094983340994,
        "height": 0.5
    },
    {
        "position": {
            "x": 348.78041370441014,
            "y": -50.78382475357718
        },
        "angle": -0.02100326177347122,
        "width": 2.5882643671127146,
        "height": 0.5
    },
    {
        "position": {
            "x": 350.49025263551715,
            "y": -49.246179677646694
        },
        "angle": 0,
        "width": 2.0686739497073745,
        "height": 0.5
    },
    {
        "position": {
            "x": 353.0834541702899,
            "y": -50.79529230449873
        },
        "angle": -0.004474868746409566,
        "width": 2.5828433919363767,
        "height": 0.5
    },
    {
        "position": {
            "x": 354.37098022218333,
            "y": -48.230353316485264
        },
        "angle": 0.012563139550800129,
        "width": 2.3000123876064418,
        "height": 0.5
    },
    {
        "position": {
            "x": 350.7007318575497,
            "y": -47.04170103041157
        },
        "angle": 0.03195098068327118,
        "width": 2.0464221368359903,
        "height": 0.5
    },
    {
        "position": {
            "x": 351.10751388039705,
            "y": -44.591798734319866
        },
        "angle": 0,
        "width": 1.963569782205866,
        "height": 0.5
    },
    {
        "position": {
            "x": 352.73328753663804,
            "y": -54.191222403780515
        },
        "angle": 0.1931996892947671,
        "width": 3.2666336828381857,
        "height": 0.5
    },
    {
        "position": {
            "x": 355.5190897494871,
            "y": -52.521745640090415
        },
        "angle": 0,
        "width": 2.49071594189121,
        "height": 0.5
    },
    {
        "position": {
            "x": 352.88498427323816,
            "y": -44.91659228286187
        },
        "angle": 1.5707963267948966,
        "width": 1.088062902399578,
        "height": 0.5
    },
    {
        "position": {
            "x": 351.6991311531374,
            "y": -41.95986035430802
        },
        "angle": 1.6289349113597242,
        "width": 2.1476090830863264,
        "height": 0.5
    },
    {
        "position": {
            "x": 354.58886368969286,
            "y": -41.89475717151714
        },
        "angle": 1.5835224434155002,
        "width": 2.1002669162112046,
        "height": 0.5
    },
    {
        "position": {
            "x": 353.2456252053696,
            "y": -40.81355674053519
        },
        "angle": 1.6435396956598862,
        "width": 1.7294016449572864,
        "height": 0.5
    },
    {
        "position": {
            "x": 353.9591416414494,
            "y": -38.6184788892661
        },
        "angle": 1.5707963267948966,
        "width": 1.4293805597498093,
        "height": 0.5
    },
    {
        "position": {
            "x": 354.53306096158644,
            "y": -45.570152389713996
        },
        "angle": 1.5707963267948966,
        "width": 1.6753459826657036,
        "height": 0.5
    },
    {
        "position": {
            "x": 356.7279682671075,
            "y": -47.34753248687858
        },
        "angle": 1.5707963267948966,
        "width": 2.7729802267793175,
        "height": 0.5
    },
    {
        "position": {
            "x": 355.72767276231224,
            "y": -50.25261528844716
        },
        "angle": 1.5772871078515744,
        "width": 1.78066825137786,
        "height": 0.5
    },
    {
        "position": {
            "x": 357.8209071360406,
            "y": -53.407004452963896
        },
        "angle": 1.5707963267948966,
        "width": 2.4152287562974095,
        "height": 0.5
    },
    {
        "position": {
            "x": 359.096062680247,
            "y": -52.20318249323019
        },
        "angle": 1.5707963267948966,
        "width": 1.2251317393989538,
        "height": 0.5
    },
    {
        "position": {
            "x": 357.75156005645204,
            "y": -49.619732891524464
        },
        "angle": 1.4537248197616133,
        "width": 2.2665861012945934,
        "height": 0.5
    },
    {
        "position": {
            "x": 359.0149771627072,
            "y": -48.097167193577434
        },
        "angle": 1.5707963267948966,
        "width": 1.6323652406289924,
        "height": 0.5
    },
    {
        "position": {
            "x": 360.4067044253366,
            "y": -50.90834249153643
        },
        "angle": 1.5601620214059178,
        "width": 1.0698836709104413,
        "height": 0.5
    },
    {
        "position": {
            "x": 355.8893020233326,
            "y": -44.22375355671151
        },
        "angle": 1.578508875724196,
        "width": 1.4985916184349768,
        "height": 0.5
    },
    {
        "position": {
            "x": 354.1184232148795,
            "y": -37.32119085870048
        },
        "angle": 0,
        "width": 2.101722167323828,
        "height": 0.5
    },
    {
        "position": {
            "x": 356.516856975339,
            "y": -39.11942925714758
        },
        "angle": -0.00520917576802904,
        "width": 2.1147534371406413,
        "height": 0.5
    },
    {
        "position": {
            "x": 355.57687898247764,
            "y": -41.47551434530626
        },
        "angle": 0,
        "width": 1.7546255866745355,
        "height": 0.5
    },
    {
        "position": {
            "x": 357.72627726701865,
            "y": -42.857760561898175
        },
        "angle": 0,
        "width": 1.7427065573702407,
        "height": 0.5
    },
    {
        "position": {
            "x": 358.65677421384254,
            "y": -40.854550977687836
        },
        "angle": 0.005832002266253022,
        "width": 2.2605004089386544,
        "height": 0.5
    },
    {
        "position": {
            "x": 358.38372008796233,
            "y": -44.66006226578991
        },
        "angle": 0,
        "width": 1.9415376371282491,
        "height": 0.5
    },
    {
        "position": {
            "x": 358.3482338870791,
            "y": -46.24664759840924
        },
        "angle": 0.00452401474814379,
        "width": 2.9140518940226348,
        "height": 0.5
    },
    {
        "position": {
            "x": 360.2947377864175,
            "y": -47.77201246232923
        },
        "angle": -0.004541095277287743,
        "width": 2.465639166413439,
        "height": 0.5
    },
    {
        "position": {
            "x": 362.7669431146165,
            "y": -49.20374070966928
        },
        "angle": -0.004407077927024661,
        "width": 2.6225730978573876,
        "height": 0.5
    },
    {
        "position": {
            "x": 364.4037328433963,
            "y": -50.92947167984859
        },
        "angle": -0.018127851548885854,
        "width": 2.590286191716877,
        "height": 0.5
    },
    {
        "position": {
            "x": 362.2594814124185,
            "y": -52.57249181031021
        },
        "angle": 0,
        "width": 2.282313520419166,
        "height": 0.5
    },
    {
        "position": {
            "x": 360.1534250526204,
            "y": -54.37172346119934
        },
        "angle": 0,
        "width": 2.3505770518892746,
        "height": 0.5
    },
    {
        "position": {
            "x": 360.45654763879094,
            "y": -43.614077148661565
        },
        "angle": 0,
        "width": 1.8469077681063482,
        "height": 0.5
    },
    {
        "position": {
            "x": 360.9349341331406,
            "y": -42.15309310212005
        },
        "angle": 0,
        "width": 1.9794618212782211,
        "height": 0.5
    },
    {
        "position": {
            "x": 361.6817696738665,
            "y": -45.257639053182466
        },
        "angle": 0,
        "width": 2.1869612859848644,
        "height": 0.5
    },
    {
        "position": {
            "x": 362.58571969178524,
            "y": -46.62886919723557
        },
        "angle": -0.005039724242659416,
        "width": 2.2933587171995495,
        "height": 0.5
    },
    {
        "position": {
            "x": 364.69123427752413,
            "y": -47.89752345273051
        },
        "angle": 0,
        "width": 1.7017123202176663,
        "height": 0.5
    },
    {
        "position": {
            "x": 354.94914343911813,
            "y": -36.57805744071306
        },
        "angle": 1.5707963267948966,
        "width": 1.2276600183422914,
        "height": 0.5
    },
    {
        "position": {
            "x": 356.363534916561,
            "y": -38.05457234362076
        },
        "angle": 1.5707963267948966,
        "width": 1.530692308836315,
        "height": 0.5
    },
    {
        "position": {
            "x": 358.78851560592557,
            "y": -37.07558661849079
        },
        "angle": 1.5806950717952237,
        "width": 1.8609044720545107,
        "height": 0.5
    },
    {
        "position": {
            "x": 359.4672682065345,
            "y": -39.94843386353185
        },
        "angle": 1.597400310508423,
        "width": 1.323841896931599,
        "height": 0.5
    },
    {
        "position": {
            "x": 360.97999167573784,
            "y": -41.13112663495339
        },
        "angle": 1.5707963267948966,
        "width": 1.5902874553577746,
        "height": 0.5
    },
    {
        "position": {
            "x": 361.93477815955305,
            "y": -44.20921595278733
        },
        "angle": 1.5707963267948966,
        "width": 1.513174947586073,
        "height": 0.5
    },
    {
        "position": {
            "x": 364.8378744562376,
            "y": -45.76419779861497
        },
        "angle": 1.5974638694761867,
        "width": 1.6728707319740004,
        "height": 0.5
    },
    {
        "position": {
            "x": 363.55143195246274,
            "y": -43.06580180066403
        },
        "angle": 1.5707963267948966,
        "width": 1.3370983783180819,
        "height": 0.5
    },
    {
        "position": {
            "x": 367.0187859318937,
            "y": -46.687200204285375
        },
        "angle": -1.5707963267948966,
        "width": 1.8478107248717706,
        "height": 0.5
    },
    {
        "position": {
            "x": 365.7859790599882,
            "y": -44.176890100583265
        },
        "angle": -1.4685346907899648,
        "width": 2.4324510685366056,
        "height": 0.5
    },
    {
        "position": {
            "x": 363.7359963153262,
            "y": -40.45761118358423
        },
        "angle": -1.5707963267948966,
        "width": 2.029666217438802,
        "height": 0.5
    },
    {
        "position": {
            "x": 361.6388792275063,
            "y": -38.25990471209019
        },
        "angle": 1.593371276617684,
        "width": 1.8800738521477944,
        "height": 0.5
    },
    {
        "position": {
            "x": 360.1198350609446,
            "y": -37.265749313300205
        },
        "angle": 1.5707963267948966,
        "width": 1.6664970063640254,
        "height": 0.5
    },
    {
        "position": {
            "x": 366.26553939813294,
            "y": -49.3473108353801
        },
        "angle": 1.5707963267948966,
        "width": 1.6524108808225932,
        "height": 0.5
    },
    {
        "position": {
            "x": 364.76798560258965,
            "y": -50.090715140397165
        },
        "angle": 1.5083521851656556,
        "width": 1.3341002103251662,
        "height": 0.5
    },
    {
        "position": {
            "x": 365.4302140943904,
            "y": -52.17690645135482
        },
        "angle": -1.561324644888042,
        "width": 1.6588059856547421,
        "height": 0.5
    },
    {
        "position": {
            "x": 364.03577796146453,
            "y": -53.82805319270574
        },
        "angle": 1.4031062859516465,
        "width": 1.5537510047273297,
        "height": 0.5
    },
    {
        "position": {
            "x": 367.7697750737408,
            "y": -53.900380029620436
        },
        "angle": 1.5760390598537026,
        "width": 2.2390023664951593,
        "height": 0.5
    },
    {
        "position": {
            "x": 366.50897654210553,
            "y": -52.66775374906802
        },
        "angle": 1.4373369849442967,
        "width": 2.2610645885472676,
        "height": 0.5
    },
    {
        "position": {
            "x": 369.4314864092478,
            "y": -52.7252720950289
        },
        "angle": -1.631120291163859,
        "width": 2.6779842976553323,
        "height": 0.5
    },
    {
        "position": {
            "x": 370.92190684634386,
            "y": -53.84737646748694
        },
        "angle": -1.601567680536244,
        "width": 1.4087376775568747,
        "height": 0.5
    },
    {
        "position": {
            "x": 368.3296082683364,
            "y": -49.58677496958455
        },
        "angle": 1.4987280017127593,
        "width": 2.299841290287702,
        "height": 0.5
    },
    {
        "position": {
            "x": 357.5365810951186,
            "y": -36.29470753053493
        },
        "angle": 1.5707963267948966,
        "width": 1.719695510415363,
        "height": 0.5
    },
    {
        "position": {
            "x": 354.811989566834,
            "y": -34.949573570813016
        },
        "angle": 0,
        "width": 1.8055045325173182,
        "height": 0.5
    },
    {
        "position": {
            "x": 357.34025418792373,
            "y": -34.53706995853952
        },
        "angle": 0,
        "width": 1.498866508957633,
        "height": 0.5
    },
    {
        "position": {
            "x": 360.38213232925784,
            "y": -34.53706995853952
        },
        "angle": 0,
        "width": 1.406854425017002,
        "height": 0.5
    },
    {
        "position": {
            "x": 356.1604318262032,
            "y": -32.9573568769508
        },
        "angle": 0,
        "width": 1.363226223418053,
        "height": 0.5
    },
    {
        "position": {
            "x": 358.6109514055813,
            "y": -33.18914462099019
        },
        "angle": 0,
        "width": 1.3100866603332975,
        "height": 0.5
    },
    {
        "position": {
            "x": 356.07596680083293,
            "y": -31.52475974530323
        },
        "angle": 0.00895681568821094,
        "width": 1.6852327309111572,
        "height": 0.5
    },
    {
        "position": {
            "x": 358.91262697967,
            "y": -31.511836699805933
        },
        "angle": 3.0960805188471294,
        "width": 0.8453188112899578,
        "height": 0.5
    },
    {
        "position": {
            "x": 357.6965772943545,
            "y": -29.762910073327625
        },
        "angle": 3.141592653589793,
        "width": 1.3239401651063645,
        "height": 0.5
    },
    {
        "position": {
            "x": 355.49286278408727,
            "y": -24.559539399124986
        },
        "angle": -0.016865403456844064,
        "width": 2.0846898294760092,
        "height": 0.5
    },
    {
        "position": {
            "x": 359.5693779676982,
            "y": -24.555835068174666
        },
        "angle": -3.128169233361441,
        "width": 2.5690165851373856,
        "height": 0.5
    },
    {
        "position": {
            "x": 356.5607701014178,
            "y": -18.844474379005394
        },
        "angle": 1.550945240745645,
        "width": 11.38712322168086,
        "height": 0.5
    },
    {
        "position": {
            "x": 358.60029426738333,
            "y": -18.975059335544064
        },
        "angle": 1.5381857871321964,
        "width": 11.098188914712672,
        "height": 0.5
    },
    {
        "position": {
            "x": 356.7165260262932,
            "y": -12.51439817401118
        },
        "angle": 1.4852436948043592,
        "width": 1.320646719589299,
        "height": 0.5
    },
    {
        "position": {
            "x": 357.3062699891347,
            "y": -11.166568839284423
        },
        "angle": 0.912726558407519,
        "width": 1.7440432806738562,
        "height": 0.5
    },
    {
        "position": {
            "x": 358.6513119347503,
            "y": -10.08345700377642
        },
        "angle": 0.4409194669474221,
        "width": 1.7951298500833155,
        "height": 0.5
    },
    {
        "position": {
            "x": 360.32813765092476,
            "y": -9.645414581648643
        },
        "angle": 0.06347641248998692,
        "width": 1.7337000280618318,
        "height": 0.5
    },
    {
        "position": {
            "x": 366.8126183194072,
            "y": -9.735202297561067
        },
        "angle": -0.025757890231618237,
        "width": 11.24248220850229,
        "height": 0.5
    },
    {
        "position": {
            "x": 358.9539548191475,
            "y": -12.914261811950421
        },
        "angle": 1.3129268965231289,
        "width": 1.1029401170203297,
        "height": 0.5
    },
    {
        "position": {
            "x": 359.49361024432574,
            "y": -12.032855588482743
        },
        "angle": 0.7174495725657964,
        "width": 1.0591291857103065,
        "height": 0.5
    },
    {
        "position": {
            "x": 360.68010887595494,
            "y": -11.615929750530043
        },
        "angle": 0.08709009768802889,
        "width": 1.5809510334542647,
        "height": 0.5
    },
    {
        "position": {
            "x": 366.92605660959566,
            "y": -11.604611261412202
        },
        "angle": -0.010542081659249414,
        "width": 10.896931879313428,
        "height": 0.5
    },
    {
        "position": {
            "x": 372.7763426431484,
            "y": -9.80476471209272
        },
        "angle": 0,
        "width": 0.8205059947067639,
        "height": 0.5
    },
    {
        "position": {
            "x": 373.8309048568517,
            "y": -9.903843725042176
        },
        "angle": -0.15258036967209915,
        "width": 1.3037653425068088,
        "height": 0.5
    },
    {
        "position": {
            "x": 375.13971074402286,
            "y": -10.31832003923057
        },
        "angle": -0.44315530639383655,
        "width": 1.4710965748874625,
        "height": 0.5
    },
    {
        "position": {
            "x": 376.32080353010326,
            "y": -11.326679166758808
        },
        "angle": -0.9326259547926323,
        "width": 1.6986083789201343,
        "height": 0.5
    },
    {
        "position": {
            "x": 376.84643754338924,
            "y": -13.086535291909652
        },
        "angle": -1.5523517399067468,
        "width": 2.1341516095925446,
        "height": 0.5
    },
    {
        "position": {
            "x": 373.49202591401,
            "y": -12.581679997451928
        },
        "angle": -1.200970139198871,
        "width": 1.609624269973463,
        "height": 0.5
    },
    {
        "position": {
            "x": 373.72473067161934,
            "y": -14.439432606838423
        },
        "angle": -1.6233033211625423,
        "width": 2.2177638161514306,
        "height": 0.5
    },
    {
        "position": {
            "x": 350.5677774083117,
            "y": -29.599158230013437
        },
        "angle": -1.5707963267948966,
        "width": 1.845230389070874,
        "height": 0.5
    },
    {
        "position": {
            "x": 350.77622409167583,
            "y": -31.073987791777075
        },
        "angle": -1.2098582504304338,
        "width": 1.1804926550872636,
        "height": 0.5
    },
    {
        "position": {
            "x": 351.4271966179721,
            "y": -32.12776736904974
        },
        "angle": -0.8478525051257794,
        "width": 1.337754509003374,
        "height": 0.5
    },
    {
        "position": {
            "x": 352.4180881079816,
            "y": -32.97956611281157
        },
        "angle": -0.5683805488840163,
        "width": 1.3013353311654072,
        "height": 0.5
    },
    {
        "position": {
            "x": 353.58409636484987,
            "y": -33.46119495247519
        },
        "angle": -0.17624297137570163,
        "width": 1.2547216524182494,
        "height": 0.5
    },
    {
        "position": {
            "x": 364.644240436435,
            "y": -28.968660894919175
        },
        "angle": -1.5707963267948966,
        "width": 1.4026275717357564,
        "height": 0.5
    },
    {
        "position": {
            "x": 364.55194812722027,
            "y": -30.428865320110006
        },
        "angle": -1.6918167931054406,
        "width": 1.528964188975258,
        "height": 0.5
    },
    {
        "position": {
            "x": 364.01928525835785,
            "y": -31.88983948933099
        },
        "angle": -2.120865437779924,
        "width": 1.647139204950697,
        "height": 0.5
    },
    {
        "position": {
            "x": 363.04401957216027,
            "y": -33.04245420007466
        },
        "angle": -2.4524715768060963,
        "width": 1.386088451866835,
        "height": 0.5
    },
    {
        "position": {
            "x": 361.9586035152485,
            "y": -33.72837310533957
        },
        "angle": -2.715759202830966,
        "width": 1.1873752349718931,
        "height": 0.5
    },
    {
        "position": {
            "x": 361.2156465773496,
            "y": -34.02172255522899
        },
        "angle": -2.947283736049094,
        "width": 0.4010401855373419,
        "height": 0.5
    },
    {
        "position": {
            "x": 372.76326954322747,
            "y": -11.793285375822965
        },
        "angle": -0.3351959325885596,
        "width": 0.9088456003433778,
        "height": 0.5
    },
    {
        "position": {
            "x": 376.7819863642567,
            "y": -14.803095022482115
        },
        "angle": -1.698300221245183,
        "width": 1.5783905835757248,
        "height": 0.5
    },
    {
        "position": {
            "x": 371.4695140423685,
            "y": -16.954358522807112
        },
        "angle": -2.5036780788571615,
        "width": 5.505443465116756,
        "height": 0.5
    },
    {
        "position": {
            "x": 378.75714872269,
            "y": -17.840400346007833
        },
        "angle": -0.8928553031759914,
        "width": 6.184114232194884,
        "height": 0.5
    },
    {
        "position": {
            "x": 372.81935917240776,
            "y": -19.041385528759427
        },
        "angle": 0.793267493744846,
        "width": 2.16354894884693,
        "height": 0.5
    },
    {
        "position": {
            "x": 374.81710535991596,
            "y": -18.237243039013336
        },
        "angle": 0.026805891447704962,
        "width": 2.4786089175714836,
        "height": 0.5
    },
    {
        "position": {
            "x": 376.81924528848924,
            "y": -19.21370805333511
        },
        "angle": -0.9306176504257753,
        "width": 2.5179438769159805,
        "height": 0.5
    },
    {
        "position": {
            "x": 369.1053298500256,
            "y": -20.662588106983186
        },
        "angle": -1.7184033038785451,
        "width": 4.2266941822790045,
        "height": 0.5
    },
    {
        "position": {
            "x": 369.9979622848241,
            "y": -24.547533956800105
        },
        "angle": -0.9800753578081425,
        "width": 4.321480043863652,
        "height": 0.5
    },
    {
        "position": {
            "x": 373.2584696544601,
            "y": -26.38798421417549
        },
        "angle": -0.01682954424751726,
        "width": 4.114706081447337,
        "height": 0.5
    },
    {
        "position": {
            "x": 377.1011477152301,
            "y": -25.928750398044677
        },
        "angle": 0.26982970257790173,
        "width": 3.7053043357807947,
        "height": 0.5
    },
    {
        "position": {
            "x": 379.44424195046014,
            "y": -24.33268001871365
        },
        "angle": 1.1025353238615403,
        "width": 2.4703497863121817,
        "height": 0.5
    },
    {
        "position": {
            "x": 380.2779982549854,
            "y": -21.766295862552074
        },
        "angle": 1.3911435305183804,
        "width": 2.976240779644372,
        "height": 0.5
    },
    {
        "position": {
            "x": 374.4908017703821,
            "y": -22.900313050730784
        },
        "angle": -1.6534107089038248,
        "width": 3.7398780017788433,
        "height": 0.5
    },
    {
        "position": {
            "x": 373.8591080964228,
            "y": -21.6069308076523
        },
        "angle": -2.5568427143366623,
        "width": 2.2179206949945263,
        "height": 0.5
    },
    {
        "position": {
            "x": 375.13391597804997,
            "y": -21.6780884869698
        },
        "angle": -0.8505332403277571,
        "width": 1.9035610598800123,
        "height": 0.5
    },
    {
        "position": {
            "x": 149.99366770318767,
            "y": -17.781315668335733
        },
        "angle": 0.006110496207236692,
        "width": 5.6635549831432,
        "height": 0.5
    },
    {
        "position": {
            "x": 310.40665711568766,
            "y": -44.18962011852414
        },
        "angle": -0.017923847700925883,
        "width": 8.85762052777988,
        "height": 0.5
    },
    {
        "position": {
            "x": 316.8897281765563,
            "y": -46.73431759593292
        },
        "angle": -0.8577890733867575,
        "width": 6.410362220415607,
        "height": 0.5
    },
    {
        "position": {
            "x": 319.0433562613011,
            "y": -49.68430125472271
        },
        "angle": -1.46261379123299,
        "width": 1.0573621074537818,
        "height": 0.5
    },
    {
        "position": {
            "x": 318.74286504523593,
            "y": -50.66935238810319
        },
        "angle": -2.232131542234913,
        "width": 1.164410921052718,
        "height": 0.5
    },
    {
        "position": {
            "x": 317.53928463680313,
            "y": -51.20679008278596
        },
        "angle": -3.0496817484370826,
        "width": 1.6991852431802805,
        "height": 0.5
    },
    {
        "position": {
            "x": 314.42214600764305,
            "y": -51.04577418027078
        },
        "angle": 3.036747806414287,
        "width": 4.567344140864323,
        "height": 0.5
    },
    {
        "position": {
            "x": 308.3208818861833,
            "y": -50.31005536416298
        },
        "angle": 3.012623499169131,
        "width": 7.72441552153669,
        "height": 0.5
    },
    {
        "position": {
            "x": 303.61590183961533,
            "y": -49.813339841082254
        },
        "angle": -0.0020408134932501476,
        "width": 2.227276700191731,
        "height": 0.5
    }
]