[
    {
        "position": {
            "x": 4.696128272692272,
            "y": -10.194502194822737
        },
        "angle": 1.0234034388634417,
        "width": 6.1026188380733055,
        "height": 0.5,
        "noHammer": true
    },
    {
        "position": {
            "x": 7.549733115113313,
            "y": -10.219316149974226
        },
        "angle": -1.0627335025471796,
        "width": 4.998641774037394,
        "height": 0.5,
        "noHammer": true
    },
    {
        "position": {
            "x": 14.98984988480206,
            "y": -30.689688954810784
        },
        "angle": 0.04758310327698423,
        "width": 2.0867341283639513,
        "height": 0.5,
        "noHammer": true
    },
    {
        "position": {
            "x": 4.890570138146732,
            "y": -14.957641388767843
        },
        "angle": -1.016114719125576,
        "width": 5.3710606970525445,
        "height": 0.5,
        "noHammer": true
    },
    {
        "position": {
            "x": 7.446407518749925,
            "y": -14.80875765785892
        },
        "angle": 1.1319370278313894,
        "width": 5.372665401622351,
        "height": 0.5,
        "noHammer": true
    },
    {
        "position": {
            "x": -0.04740693699924123,
            "y": -28.80382836329775
        },
        "angle": 1.3909428270024178,
        "width": 1.1097138101871318,
        "height": 0.5,
        "noHammer": true
    },
    {
        "position": {
            "x": 16.677198835103198,
            "y": -18.43159510997606
        },
        "angle": 0.9544993893988243,
        "width": 2.9192012613724874,
        "height": 0.5,
        "noHammer": true
    },
    {
        "position": {
            "x": 16.371616059368744,
            "y": -30.76654833058661
        },
        "angle": 0.07130746478528871,
        "width": 0.6965609146118501,
        "height": 0.5
    },
    {
        "position": {
            "x": 52.897758042358035,
            "y": -30.69210646513215
        },
        "angle": 2.7610862764774273,
        "width": 0.5345089520304098,
        "height": 0.5
    },
    {
        "position": {
            "x": 70.72819660604628,
            "y": -12.199109296424245
        },
        "angle": 0,
        "width": 1.1400797491047712,
        "height": 0.5
    },
    {
        "position": {
            "x": 72.94673017187176,
            "y": -12.229922262616265
        },
        "angle": 0.06442683942555139,
        "width": 0.957187820940251,
        "height": 0.5
    },
    {
        "position": {
            "x": 74.59522386314487,
            "y": -12.306954678096314
        },
        "angle": 0.1067356726491342,
        "width": 0.8677010062467595,
        "height": 0.5
    },
    {
        "position": {
            "x": 76.65969259801024,
            "y": -12.322361161192326
        },
        "angle": 0,
        "width": 0.8011371209925358,
        "height": 0.5
    },
    {
        "position": {
            "x": 78.35440573857139,
            "y": -12.137483364040204
        },
        "angle": 0,
        "width": 0.9243889857606149,
        "height": 0.5
    },
    {
        "position": {
            "x": 79.83342811578837,
            "y": -12.091263914752172
        },
        "angle": -0.08800737352774425,
        "width": 1.0517111303330593,
        "height": 0.5
    },
    {
        "position": {
            "x": 81.43570235777344,
            "y": -12.01423149927212
        },
        "angle": 0,
        "width": 0.6778852562244566,
        "height": 0.5
    },
    {
        "position": {
            "x": 83.06878956595052,
            "y": -11.96801204998409
        },
        "angle": -0.11487660541689837,
        "width": 0.8064525011444656,
        "height": 0.5
    },
    {
        "position": {
            "x": 84.93297402056777,
            "y": -12.045044465464139
        },
        "angle": 0,
        "width": 0.8935760195685987,
        "height": 0.5
    },
    {
        "position": {
            "x": 73.7478672928643,
            "y": -12.337767644288334
        },
        "angle": -0.23374318086890056,
        "width": 0.6651605224805307,
        "height": 0.5,
        "noHammer": true
    },
    {
        "position": {
            "x": 77.41461026971474,
            "y": -12.276141711904295
        },
        "angle": 0.052583061610941284,
        "width": 0.5862566644135526,
        "height": 0.5,
        "noHammer": true
    },
    {
        "position": {
            "x": 79.00147802860381,
            "y": -12.07585743165616
        },
        "angle": -0.07130746478529536,
        "width": 0.8649611793681043,
        "height": 0.5,
        "noHammer": true
    },
    {
        "position": {
            "x": 80.61915875368489,
            "y": -12.075857431656164
        },
        "angle": 0,
        "width": 0.9552019519526311,
        "height": 0.5,
        "noHammer": true
    },
    {
        "position": {
            "x": 82.08277464780588,
            "y": -11.96801204998409
        },
        "angle": 0.08314123188844058,
        "width": 1.1131117399630357,
        "height": 0.5,
        "noHammer": true
    },
    {
        "position": {
            "x": 83.70045537288695,
            "y": -12.091263914752172
        },
        "angle": -0.11575921772081198,
        "width": 1.3338847294732126,
        "height": 0.5,
        "noHammer": true
    },
    {
        "position": {
            "x": 71.89175680918149,
            "y": -12.306869653253848
        },
        "angle": 0,
        "width": 0.4434838564517918,
        "height": 0.5
    },
    {
        "position": {
            "x": 75.43962766079598,
            "y": -12.376893420062029
        },
        "angle": -0.1171087445668635,
        "width": 0.3995379386763763,
        "height": 0.5
    },
    {
        "position": {
            "x": 77.7199603961105,
            "y": -13.127107321335654
        },
        "angle": 0.02197448429666249,
        "width": 14.87197034780341,
        "height": 0.5,
        "noHammer": true
    },
    {
        "position": {
            "x": 77.6896038939878,
            "y": -19.720496110554745
        },
        "angle": -0.7096694325264412,
        "width": 19.415730076600333,
        "height": 0.5,
        "noHammer": true
    },
    {
        "position": {
            "x": 84.31637952139322,
            "y": -34.24907712526104
        },
        "angle": 0.017043803994997386,
        "width": 19.02925033915347,
        "height": 0.5,
        "noHammer": true
    },
    {
        "position": {
            "x": 91.02481318468116,
            "y": -4.481890388744928
        },
        "angle": 1.7075043990613035,
        "width": 6.874758851935124,
        "height": 0.5,
        "noHammer": true
    },
    {
        "position": {
            "x": 89.17749131615845,
            "y": -10.205654210233035
        },
        "angle": 0.8976009783947042,
        "width": 7.2822828159316,
        "height": 0.5,
        "noHammer": true
    },
    {
        "position": {
            "x": 79.66546788541734,
            "y": -29.891668274108078
        },
        "angle": 0.798910854410777,
        "width": 12.92406680597909,
        "height": 0.5,
        "noHammer": true
    },
    {
        "position": {
            "x": 103.62544753326267,
            "y": -25.910300441449028
        },
        "angle": 0.6947382761967031,
        "width": 25.687350677980316,
        "height": 0.5,
        "noHammer": true
    },
    {
        "position": {
            "x": 93.63774635039897,
            "y": -11.03757349844376
        },
        "angle": 0.05875582271572366,
        "width": 0.8236533769995509,
        "height": 0.5,
        "noHammer": true
    },
    {
        "position": {
            "x": 100.50580236960792,
            "y": -10.626457469124915
        },
        "angle": 0.06053201978210532,
        "width": 1.5990261473665224,
        "height": 0.5,
        "noHammer": true
    },
    {
        "position": {
            "x": 105.94704393412204,
            "y": -12.29510488224258
        },
        "angle": 1.157107113516043,
        "width": 2.165721823854507,
        "height": 0.5,
        "noHammer": true
    },
    {
        "position": {
            "x": 107.03529224702484,
            "y": -12.657854319876854
        },
        "angle": 2.096380120346507,
        "width": 2.7956559419461433,
        "height": 0.5,
        "noHammer": true
    },
    {
        "position": {
            "x": 110.85625299010589,
            "y": -11.763072373712307
        },
        "angle": -0.9765826229944619,
        "width": 2.1597727702739324,
        "height": 0.5,
        "noHammer": true
    },
    {
        "position": {
            "x": 111.70266834458586,
            "y": -11.351956344393464
        },
        "angle": 1.387685509532414,
        "width": 2.656202328250735,
        "height": 0.5,
        "noHammer": true
    },
    {
        "position": {
            "x": 122.22240203597983,
            "y": -15.559849820951055
        },
        "angle": 0.23799021272969714,
        "width": 18.464449197580823,
        "height": 0.5,
        "noHammer": true
    },
    {
        "position": {
            "x": 126.09172937074544,
            "y": -9.151276422745529
        },
        "angle": 3.094009550312813,
        "width": 1.0168493588051486,
        "height": 0.5
    },
    {
        "position": {
            "x": 112.16915045756444,
            "y": -10.320086378514542
        },
        "angle": 1.5707963267948966,
        "width": 0,
        "height": 0.5
    },
    {
        "position": {
            "x": 112.31425023261815,
            "y": -10.223353195145405
        },
        "angle": 0,
        "width": 0.6771322835839726,
        "height": 0.5
    },
    {
        "position": {
            "x": 133.16308268301617,
            "y": -4.439894084820655
        },
        "angle": 2.6492323110208598,
        "width": 8.287781668666428,
        "height": 0.5
    },
    {
        "position": {
            "x": 140.90173735254737,
            "y": -2.9888963342835573
        },
        "angle": 0.6594024812334349,
        "width": 10.34208479153114,
        "height": 0.5
    },
    {
        "position": {
            "x": 138.99734725018413,
            "y": -11.03896309278216
        },
        "angle": 0.22471116841464278,
        "width": 1.7364886263472832,
        "height": 0.5
    },
    {
        "position": {
            "x": 136.99507092767686,
            "y": -48.432643522454924
        },
        "angle": 0.83082144281903,
        "width": 3.012737874722215,
        "height": 0.5
    },
    {
        "position": {
            "x": 140.3081824580699,
            "y": -47.24766202618295
        },
        "angle": 0.10308160852270243,
        "width": 4.230349041455283,
        "height": 0.5
    },
    {
        "position": {
            "x": 144.12914320115095,
            "y": -47.948977605609215
        },
        "angle": -0.38878776129004033,
        "width": 4.33818939801601,
        "height": 0.5
    },
    {
        "position": {
            "x": 139.53431699111678,
            "y": -52.906553253277636
        },
        "angle": 0.920925877382962,
        "width": 1.5187417853293321,
        "height": 0.5
    },
    {
        "position": {
            "x": 143.5003775092515,
            "y": -52.25360426553594
        },
        "angle": 2.6841178056937682,
        "width": 3.504158733064717,
        "height": 0.5
    },
    {
        "position": {
            "x": 138.5428018615831,
            "y": -51.987588011270816
        },
        "angle": 0.7188299996215984,
        "width": 0.5141439220719988,
        "height": 0.5
    },
    {
        "position": {
            "x": 143.98404342609723,
            "y": -51.06862276926398
        },
        "angle": -0.43662715981354205,
        "width": 0.8006095492709641,
        "height": 0.5
    },
    {
        "position": {
            "x": 140.3565490497545,
            "y": -50.101290935572585
        },
        "angle": 1.6295521495106364,
        "width": 0.8236533769995374,
        "height": 0.5
    },
    {
        "position": {
            "x": 140.8160316707579,
            "y": -49.71435820209602
        },
        "angle": 0.06241880999594818,
        "width": 0.7753754497878679,
        "height": 0.5
    },
    {
        "position": {
            "x": 4.942423793388291,
            "y": 5.951069868965265
        },
        "angle": 0.05050646099645495,
        "width": 15.471720343872756,
        "height": 0.5,
        "noHammer": true
    },
    {
        "position": {
            "x": 5.346622664529432,
            "y": 3.069431589040615
        },
        "angle": 0.13944005709133678,
        "width": 1.9547164642305586,
        "height": 0.5,
        "noHammer": true
    },
    {
        "position": {
            "x": 4.022166283457225,
            "y": 3.358095159274302
        },
        "angle": 2.3561944901923466,
        "width": 1.2006821646691697,
        "height": 0.5,
        "noHammer": true
    },
    {
        "position": {
            "x": 6.874841565766594,
            "y": 4.03730355982415
        },
        "angle": 0.8876048815047007,
        "width": 1.8828901547450876,
        "height": 0.5,
        "noHammer": true
    },
    {
        "position": {
            "x": 3.563700613086075,
            "y": 3.9524025097554203
        },
        "angle": 2.7610862764774273,
        "width": 0.36576491753511753,
        "height": 0.5,
        "noHammer": true
    },
    {
        "position": {
            "x": 3.22409641281115,
            "y": 4.427848390140314
        },
        "angle": 2.6779450445889896,
        "width": 0.15187561545183706,
        "height": 0.5,
        "noHammer": true
    },
    {
        "position": {
            "x": 3.342957882907374,
            "y": 4.325967130057837
        },
        "angle": 2.312743594800816,
        "width": 0.5528355849957413,
        "height": 0.5,
        "noHammer": true
    },
    {
        "position": {
            "x": 1.5430556214502733,
            "y": 5.073096370662671
        },
        "angle": -1.3078015951139768,
        "width": 0.9144122938377912,
        "height": 0.5,
        "noHammer": true
    },
    {
        "position": {
            "x": 8.946427187443636,
            "y": 5.3787401509101045
        },
        "angle": -1.4773195456363077,
        "width": 1.0914986773617061,
        "height": 0.5,
        "noHammer": true
    },
    {
        "position": {
            "x": 125.67367758286709,
            "y": -24.863198122941544
        },
        "angle": -2.0081760937128745,
        "width": 25.06115657960977,
        "height": 0.5,
        "noHammer": true
    },
    {
        "position": {
            "x": 112.03094798065445,
            "y": -49.414179999137886
        },
        "angle": -2.1289512635571346,
        "width": 31.916831551262472,
        "height": 0.5,
        "noHammer": true
    },
    {
        "position": {
            "x": 113.5723527456031,
            "y": -62.377433800454924
        },
        "angle": 0.04229102736342116,
        "width": 20.04386437081471,
        "height": 0.5,
        "noHammer": true
    },
    {
        "position": {
            "x": 133.3243226073293,
            "y": -24.899308461162583
        },
        "angle": -1.3613625135533391,
        "width": 22.525199857994497,
        "height": 0.5,
        "noHammer": true
    },
    {
        "position": {
            "x": 135.37760203298564,
            "y": -36.057529001473426
        },
        "angle": 0.785398163397472,
        "width": 0.6307563361043539,
        "height": 0.5,
        "noHammer": true
    },
    {
        "position": {
            "x": 127.5054887762291,
            "y": -41.56577822079032
        },
        "angle": 0.607884524792489,
        "width": 19.28887527904163,
        "height": 0.5,
        "noHammer": true
    },
    {
        "position": {
            "x": 128.57349329016358,
            "y": -51.415654340765755
        },
        "angle": -0.4328880829303366,
        "width": 19.456813830409445,
        "height": 0.5,
        "noHammer": true
    },
    {
        "position": {
            "x": 130.49134524506746,
            "y": -58.75255309847935
        },
        "angle": -2.6989393348904596,
        "width": 15.202405415287139,
        "height": 0.5,
        "noHammer": true
    },
    {
        "position": {
            "x": 139.96910199895282,
            "y": -60.425098407988536
        },
        "angle": 0.08326239994794737,
        "width": 30.568524127792006,
        "height": 0.5,
        "noHammer": true
    },
    {
        "position": {
            "x": 163.97679528549253,
            "y": -39.309429286520405
        },
        "angle": 1.1485996158522813,
        "width": 43.32060966171199,
        "height": 0.5,
        "noHammer": true
    },
    {
        "position": {
            "x": 175.93151731910388,
            "y": -7.81731602976386
        },
        "angle": 1.32006551472036,
        "width": 24.44768759367874,
        "height": 0.5,
        "noHammer": true
    }
]