[
    {
        "finish": {
            "x": 36.20407658727115,
            "y": -75.95906620961016,
            "r": 1
        }
    },
    {
        "position": {
            "x": 4,
            "y": 5.5
        },
        "angle": 0,
        "width": 15,
        "height": 0.5
    },
    {
        "position": {
            "x": 2.546747069168167,
            "y": -2.836324500801944
        },
        "angle": -1.5729060283062597,
        "width": 6.771443640730673,
        "height": 0.5,
        "noHammer": true
    },
    {
        "position": {
            "x": 5.611032783453883,
            "y": -2.8864191081777335
        },
        "angle": -1.5833742798071797,
        "width": 6.81482477652169,
        "height": 0.5,
        "noHammer": true
    },
    {
        "position": {
            "x": -4.510886611749642,
            "y": 4.059821453367883
        },
        "angle": -2.4499950705840874,
        "width": 2.911938830934133,
        "height": 0.5
    },
    {
        "position": {
            "x": -0.6709084416057203,
            "y": 3.0041769165348153
        },
        "angle": 2.392542111211366,
        "width": 7.7317703551811015,
        "height": 0.5
    },
    {
        "position": {
            "x": 8.773273206948552,
            "y": 3.004176916534816
        },
        "angle": 0.7760526410899582,
        "width": 7.516264546810193,
        "height": 0.5
    },
    {
        "position": {
            "x": 2.0917311046660476,
            "y": -0.15303216560869032
        },
        "angle": -1.4890119461769007,
        "width": 0.8685606670935586,
        "height": 0.5
    },
    {
        "position": {
            "x": 2.113017765030931,
            "y": -1.8630605482545057
        },
        "angle": -1.6247978271708665,
        "width": 1.0516749660357263,
        "height": 0.5
    },
    {
        "position": {
            "x": 2.0988266581210073,
            "y": -4.005917691652996
        },
        "angle": -1.5437758776076311,
        "width": 1.0505253847491265,
        "height": 0.5
    },
    {
        "position": {
            "x": 6.150387680904247,
            "y": -0.2310832536132716
        },
        "angle": -1.5546686929512612,
        "width": 0.879963065383752,
        "height": 0.5
    },
    {
        "position": {
            "x": 6.129101020539362,
            "y": -2.3739403970117623
        },
        "angle": -1.6092389168160852,
        "width": 0.7384831694159473,
        "height": 0.5
    },
    {
        "position": {
            "x": 5.994285504895085,
            "y": -4.197497634936968
        },
        "angle": -1.6373644905707203,
        "width": 0.6400173483421797,
        "height": 0.5
    },
    {
        "position": {
            "x": 5.108488119569033,
            "y": -6.23952313883035
        },
        "angle": -3.04467502579543,
        "width": 1.1126724630174154,
        "height": 0.5,
        "noHammer": true
    },
    {
        "position": {
            "x": 4.885459819130747,
            "y": -7.8036845015062895
        },
        "angle": -1.5345427880034652,
        "width": 2.9705354870715306,
        "height": 0.5,
        "noHammer": true
    },
    {
        "position": {
            "x": 5.6160697688423715,
            "y": -9.772486050202879
        },
        "angle": -0.5602319669541469,
        "width": 1.9972555509712657,
        "height": 0.5,
        "noHammer": true

    },
    {
        "position": {
            "x": 7.500274375993406,
            "y": -10.241614544228238
        },
        "angle": 0.06193618455080441,
        "width": 1.987994656174496,
        "height": 0.5,
        "noHammer": true

    },
    {
        "position": {
            "x": 9.645960438830702,
            "y": -9.680198477607725
        },
        "angle": 0.39028867376256615,
        "width": 2.627856106876604,
        "height": 0.5,
        "noHammer": true

    },
    {
        "position": {
            "x": 3.3704055023603257,
            "y": -10.264686437377026
        },
        "angle": -1.447530656435998,
        "width": 1.7513713187387827,
        "height": 0.5,
        "noHammer": true
    },
    {
        "position": {
            "x": 4.170231131518315,
            "y": -11.549021822659567
        },
        "angle": -0.4366271598135407,
        "width": 1.5276311463205126,
        "height": 0.5,
        "noHammer": true
    },
    {
        "position": {
            "x": 6.046745107619751,
            "y": -11.933553375139368
        },
        "angle": -0.05190139845817353,
        "width": 2.371908316337069,
        "height": 0.5,
        "noHammer": true

    },
    {
        "position": {
            "x": 8.200121801506643,
            "y": -11.972006530387349
        },
        "angle": 0.02380502618507019,
        "width": 1.9385882774565175,
        "height": 0.5,
        "noHammer": true

    },
    {
        "position": {
            "x": 10.676504999476574,
            "y": -11.71821570575068
        },
        "angle": 0.1418970546041636,
        "width": 3.0453345253929855,
        "height": 0.5,
        "noHammer": true

    },
    {
        "position": {
            "x": 4.9724097223372095,
            "y": -7.80636371202514
        },
        "angle": 1.6010900867136728,
        "width": 0.5078146452228481,
        "height": 0.5
    },
    {
        "position": {
            "x": 2.8282051151861793,
            "y": -6.650917060860197
        },
        "angle": -1.1071487177940913,
        "width": 1.3069548100743171,
        "height": 0.5,
        "noHammer": true
    },
    {
        "position": {
            "x": 3.1589022503188087,
            "y": -8.281330843374558
        },
        "angle": 1.6045672663998105,
        "width": 2.277725513296478,
        "height": 0.5,
        "noHammer": true
    },
    {
        "position": {
            "x": 12.176370126269362,
            "y": -8.574021462331176
        },
        "angle": 0.43501581734733974,
        "width": 2.883361071092597,
        "height": 0.5,
        "noHammer": true

    },
    {
        "position": {
            "x": 15.52948526389324,
            "y": -11.296504853888177
        },
        "angle": 0.06641593360497969,
        "width": 6.721048355415633,
        "height": 0.5,
        "noHammer": true
    },
    {
        "position": {
            "x": 12.835346394043377,
            "y": -4.779163312758014
        },
        "angle": 1.7672693776813782,
        "width": 6.539804433285161,
        "height": 0.5,
        "noHammer": true

    },
    {
        "position": {
            "x": 14.411925759210563,
            "y": -1.3414512335885798
        },
        "angle": 0.10379234045704266,
        "width": 4.453771863631148,
        "height": 0.5
    },
    {
        "position": {
            "x": 18.603319681240414,
            "y": -7.563171752711785
        },
        "angle": -0.011951622140908162,
        "width": 3.860972536728587,
        "height": 0.5,
        "noHammer": true

    },
    {
        "position": {
            "x": 16.629747168391667,
            "y": -4.483520494395805
        },
        "angle": -1.6442978808863824,
        "width": 6.4930427105633655,
        "height": 0.5,
        "noHammer": true

    },
    {
        "position": {
            "x": 20.03857142857143,
            "y": -4.484999999999996
        },
        "angle": 1.7162156210758661,
        "width": 6.309451931306665,
        "height": 0.5,
        "noHammer": true
    },
    {
        "position": {
            "x": 21.89571428571429,
            "y": -1.42071428571428
        },
        "angle": 3.129472035047703,
        "width": 4.714632021912296,
        "height": 0.5
    },
    {
        "position": {
            "x": 23.8957142857143,
            "y": -4.634999999999996
        },
        "angle": -1.6740316159679929,
        "width": 6.376807466858927,
        "height": 0.5,
        "noHammer": true
    },
    {
        "position": {
            "x": 25.010000000000005,
            "y": -7.884999999999996
        },
        "angle": -0.05783018274559293,
        "width": 2.718830781112818,
        "height": 0.5,
        "noHammer": true
    },
    {
        "position": {
            "x": 22.604285714285723,
            "y": -11.224999999999994
        },
        "angle": -0.03040887445723284,
        "width": 7.51776128204917,
        "height": 0.5,
        "noHammer": true
    },
    {
        "position": {
            "x": 21.954285714285717,
            "y": -9.224999999999994
        },
        "angle": 1.501800328566186,
        "width": 3.5226671249877395,
        "height": 0.5,
        "noHammer": true
    },
    {
        "position": {
            "x": 15.075714285714287,
            "y": -9.417857142857137
        },
        "angle": 1.6231501883181716,
        "width": 3.275917070540892,
        "height": 0.5,
        "noHammer": true
    },
    {
        "position": {
            "x": 28.87857142857144,
            "y": -7.959285714285703
        },
        "angle": 0.02534668325180212,
        "width": 5.073058088307974,
        "height": 0.5
    },
    {
        "position": {
            "x": 28.992857142857154,
            "y": -11.402142857142845
        },
        "angle": -0.008042722022368888,
        "width": 5.328743773543787,
        "height": 0.5
    },
    {
        "position": {
            "x": 38.135714285714286,
            "y": -8.016428571428559
        },
        "angle": -0.017987477792691164,
        "width": 13.502184252625081,
        "height": 0.5
    },
    {
        "position": {
            "x": 45.05358155122629,
            "y": -10.235717656081142
        },
        "angle": -1.5035221146544,
        "width": 4.2325746870192456,
        "height": 0.5
    },
    {
        "position": {
            "x": 42.825619961748515,
            "y": -21.507409889005807
        },
        "angle": -1.8199370688457845,
        "width": 19.087610917126113,
        "height": 0.5,
        "noHammer": true
    },
    {
        "position": {
            "x": 35.265980409006815,
            "y": -21.136754814013916
        },
        "angle": -1.2083060182365868,
        "width": 20.613604986521782,
        "height": 0.5,
        "noHammer": true
    },
    {
        "position": {
            "x": 39.54522869737541,
            "y": -12.460314017798108
        },
        "angle": 0.029841884667108458,
        "width": 1.2780520456827142,
        "height": 0.5
    },
    {
        "position": {
            "x": 38.801366803583704,
            "y": -37.83390409622918
        },
        "angle": -1.5857408663019386,
        "width": 14.323750005095748,
        "height": 0.5,
        "noHammer": true
    },
    {
        "position": {
            "x": 40.290975006190706,
            "y": -37.77396536147401
        },
        "angle": -1.60096549682271,
        "width": 14.192392719384916,
        "height": 0.5,
        "noHammer": true
    },
    {
        "position": {
            "x": 38.92794909706803,
            "y": -51.53279780555377
        },
        "angle": -1.5842829849547706,
        "width": 13.030423892401018,
        "height": 0.5,
        "noHammer": true
    },
    {
        "position": {
            "x": 40.25520251860411,
            "y": -51.39743349335054
        },
        "angle": -1.5822462080890678,
        "width": 13.155623731435712,
        "height": 0.5,
        "noHammer": true
    },
    {
        "position": {
            "x": 38.42622925497379,
            "y": -63.009410869561634
        },
        "angle": -1.591674963012165,
        "width": 10.068112497995692,
        "height": 0.5,
        "noHammer": true
    },
    {
        "position": {
            "x": 40.002678152352765,
            "y": -63.05612046652101
        },
        "angle": -1.5616432643357672,
        "width": 10.206474474467235,
        "height": 0.5,
        "noHammer": true
    },
    {
        "position": {
            "x": 35.75233867425625,
            "y": -69.00777277953084
        },
        "angle": -2.757997483211687,
        "width": 5.61628276771226,
        "height": 0.5
    },
    {
        "position": {
            "x": 42.46684323716674,
            "y": -69.8135133270801
        },
        "angle": -0.6002242172280807,
        "width": 5.830145497470741,
        "height": 0.5
    },
    {
        "position": {
            "x": 38.07614112298527,
            "y": -70.02969528923046
        },
        "angle": -0.40697078536877496,
        "width": 1.4750547567379224,
        "height": 0.5,
        "noHammer": true
    },
    {
        "position": {
            "x": 39.675944818843945,
            "y": -70.1464692816289
        },
        "angle": 0.18763977180436897,
        "width": 1.8779930227148693,
        "height": 0.5,
        "noHammer": true
    },
    {
        "position": {
            "x": 33.80362893702183,
            "y": -73.20798395844253
        },
        "angle": -1.382746289252506,
        "width": 6.371409898923446,
        "height": 0.5
    },
    {
        "position": {
            "x": 43.53090250381215,
            "y": -74.44578827786603
        },
        "angle": -1.9986286386159133,
        "width": 6.4170894821235285,
        "height": 0.5
    },
    {
        "position": {
            "x": 35.25162644276253,
            "y": -75.48507681021218
        },
        "angle": 0.7140906986121582,
        "width": 2.3178975664305455,
        "height": 0.5
    },
    {
        "position": {
            "x": 37.26013911201575,
            "y": -75.4383672132528
        },
        "angle": -0.5613745163595283,
        "width": 2.6761378917972003,
        "height": 0.5
    },
    {
        "position": {
            "x": 40.06271492957839,
            "y": -79.11674797380377
        },
        "angle": -2.450713233652645,
        "width": 5.424400195946941,
        "height": 0.5
    },
    {
        "position": {
            "x": 36.09239918803132,
            "y": -78.6262972057303
        },
        "angle": 2.273760638520743,
        "width": 5.816282689529313,
        "height": 0.5
    }
]