[
    {
        "position": {
            "x": 4,
            "y": 5.5
        },
        "angle": 0,
        "width": 15,
        "height": 0.5
    },
    {
        "position": {
            "x": 1.3415018400682357,
            "y": -0.101584516409755
        },
        "angle": 1.5707963267948966,
        "width": 0,
        "height": 0.5
    },
    {
        "position": {
            "x": 1.3415018400682357,
            "y": -0.101584516409755
        },
        "angle": 1.5707963267948966,
        "width": 0,
        "height": 0.5
    },
    {
        "position": {
            "x": -0.5471877694003682,
            "y": 2.345127023129116
        },
        "angle": -0.8450288765286177,
        "width": 8.148924718986228,
        "height": 0.5
    },
    {
        "position": {
            "x": 3.1872666856852803,
            "y": -2.35513461861661
        },
        "angle": -0.9772536137235548,
        "width": 4.297838631325517,
        "height": 0.5
    },
    {
        "position": {
            "x": 4.990106767450765,
            "y": -3.0848556040931143
        },
        "angle": 1.051650212548374,
        "width": 2.4224935696928283,
        "height": 0.5
    },
    {
        "position": {
            "x": 8.788948368313747,
            "y": 0.7354483786956492
        },
        "angle": 0.722979353401491,
        "width": 6.812201947110892,
        "height": 0.5
    },
    {
        "position": {
            "x": 11.192735144001063,
            "y": 4.2982037783750595
        },
        "angle": 1.5554129250143014,
        "width": 2.7904398213069252,
        "height": 0.5
    },
    {
        "position": {
            "x": 8.673310545825817,
            "y": -6.730620449710164
        },
        "angle": -0.5867741029370899,
        "width": 9.69082990983822,
        "height": 0.5
    },
    {
        "position": {
            "x": 14.174553627048905,
            "y": -5.7912631608432275
        },
        "angle": 0.865869174662909,
        "width": 3.7759155911577773,
        "height": 0.5
    },
    {
        "position": {
            "x": 14.582338883638705,
            "y": -4.524982627222231
        },
        "angle": 0,
        "width": 0.9443448047343015,
        "height": 0.5
    },
    {
        "position": {
            "x": 17.479760443618964,
            "y": -3.366014003230134
        },
        "angle": 0.48900449185890293,
        "width": 5.299948248506891,
        "height": 0.5
    },
    {
        "position": {
            "x": 12.82242356572479,
            "y": -6.971694166761104
        },
        "angle": 0,
        "width": 0.6867962216249452,
        "height": 0.5
    },
    {
        "position": {
            "x": 9.603066276857852,
            "y": -3.366014003230136
        },
        "angle": 0.027770636593420925,
        "width": 9.275325365837164,
        "height": 0.5
    },
    {
        "position": {
            "x": 19.025051942275088,
            "y": -1.8421848864997843
        },
        "angle": 0.21406068356382296,
        "width": 1.0103289488322658,
        "height": 0.5
    },
    {
        "position": {
            "x": 21.042515843298368,
            "y": 2.0425062420663194
        },
        "angle": 0.1370661743101895,
        "width": 1.2566036751566827,
        "height": 0.5
    },
    {
        "position": {
            "x": 22.45903305039982,
            "y": 4.274593962347394
        },
        "angle": -0.06885648930104306,
        "width": 1.2477749685727602,
        "height": 0.5
    },
    {
        "position": {
            "x": 21.600537773368636,
            "y": 1.226935728886696
        },
        "angle": -2.078425335116245,
        "width": 7.858983873551464,
        "height": 0.5
    },
    {
        "position": {
            "x": 12.500487836838097,
            "y": -7.379479423350919
        },
        "angle": 1.1246907778514932,
        "width": 1.0943710424773103,
        "height": 0.5
    },
    {
        "position": {
            "x": 13.702381224681755,
            "y": -12.723612522870031
        },
        "angle": -1.25099508766802,
        "width": 6.963476348133013,
        "height": 0.5
    },
    {
        "position": {
            "x": 19.067976706126647,
            "y": -13.453333508346539
        },
        "angle": -1.9354458241070382,
        "width": 8.545909766421202,
        "height": 0.5
    },
    {
        "position": {
            "x": 14.900961183799016,
            "y": -18.267526321686457
        },
        "angle": -1.5054688571715458,
        "width": 4.602767805786636,
        "height": 0.5
    },
    {
        "position": {
            "x": 17.412059869115225,
            "y": -19.083096834866083
        },
        "angle": -1.6717181114621904,
        "width": 3.408399241952873,
        "height": 0.5
    },
    {
        "position": {
            "x": 15.17997214883415,
            "y": -13.11655465949936
        },
        "angle": 1.1334584350470114,
        "width": 3.6486049273825296,
        "height": 0.5
    },
    {
        "position": {
            "x": 16.939887466748075,
            "y": -11.700037452397908
        },
        "angle": -0.021735706841791828,
        "width": 1.9750056555803943,
        "height": 0.5
    },
    {
        "position": {
            "x": 21.76892340004848,
            "y": -5.45448431199605
        },
        "angle": 0.36172924151993313,
        "width": 1.6981071301391615,
        "height": 0.5
    },
    {
        "position": {
            "x": 23.142515843298373,
            "y": -5.0252366734804585
        },
        "angle": 0.39234014421551766,
        "width": 1.347181250402645,
        "height": 0.5
    },
    {
        "position": {
            "x": 24.108323029958456,
            "y": -1.4624812738010473
        },
        "angle": 1.4573613349876808,
        "width": 6.825982271739068,
        "height": 0.5
    },
    {
        "position": {
            "x": 24.494645904622494,
            "y": 6.457137656811618
        },
        "angle": 1.0516502125483744,
        "width": 4.498916629429535,
        "height": 0.5
    },
    {
        "position": {
            "x": 25.202904508173212,
            "y": 2.851457493280648
        },
        "angle": 1.0040671092713906,
        "width": 2.798352237438405,
        "height": 0.5
    },
    {
        "position": {
            "x": 26.64088409720045,
            "y": 4.504060901565676
        },
        "angle": 0.6889243882148608,
        "width": 1.890639728325181,
        "height": 0.5
    },
    {
        "position": {
            "x": 28.400799415114363,
            "y": 2.0573493620268026
        },
        "angle": -1.1749458854574808,
        "width": 6.233999970990698,
        "height": 0.5
    },
    {
        "position": {
            "x": 29.731467094512702,
            "y": -1.2907822183948108
        },
        "angle": -1.3045442776439682,
        "width": 0.9788352174346318,
        "height": 0.5
    },
    {
        "position": {
            "x": 27.477916992305843,
            "y": 4.911846158155488
        },
        "angle": -0.1106572211738901,
        "width": 0.38870026863946244,
        "height": 0.5
    },
    {
        "position": {
            "x": 30.092877106331784,
            "y": -0.8959067369180775
        },
        "angle": 0.07130746478529049,
        "width": 0.6640867991373273,
        "height": 0.5
    },
    {
        "position": {
            "x": 19.352547946332088,
            "y": -8.726411036389221
        },
        "angle": -2.0882840677690058,
        "width": 7.077550240599931,
        "height": 0.5
    },
    {
        "position": {
            "x": 21.765573440428934,
            "y": -6.47898533110294
        },
        "angle": 0.6585658824237254,
        "width": 5.025340968026649,
        "height": 0.5
    },
    {
        "position": {
            "x": 16.371751747741865,
            "y": -16.675200899296488
        },
        "angle": 0,
        "width": 0.37851380299558457,
        "height": 0.5
    },
    {
        "position": {
            "x": 16.15066892976836,
            "y": -25.40902787171936
        },
        "angle": -1.7748143063874429,
        "width": 1.40117226074513,
        "height": 0.5
    },
    {
        "position": {
            "x": 14.707585055847698,
            "y": -26.04776991427441
        },
        "angle": 3.105245032570773,
        "width": 2.6040023444906755,
        "height": 0.5
    },
    {
        "position": {
            "x": 13.595700759548167,
            "y": -24.249829350045385
        },
        "angle": 1.4631064559620757,
        "width": 3.5216534486266107,
        "height": 0.5
    },
    {
        "position": {
            "x": 14.234442802103214,
            "y": -21.505604278327397
        },
        "angle": 1.1459641638755556,
        "width": 2.1810780215104946,
        "height": 0.5
    },
    {
        "position": {
            "x": 14.825870619283815,
            "y": -20.015206179032287
        },
        "angle": 1.1525719972156656,
        "width": 0.4659910777150745,
        "height": 0.5
    },
    {
        "position": {
            "x": 14.80221350659659,
            "y": -20.34640575665342
        },
        "angle": -2.0131705497716443,
        "width": 0.9947246241400458,
        "height": 0.5
    },
    {
        "position": {
            "x": 24.312372806860637,
            "y": -24.69931449110264
        },
        "angle": 0.014661705920326451,
        "width": 16.135885151900492,
        "height": 0.5
    },
    {
        "position": {
            "x": 17.65468160113428,
            "y": -21.112122305111626
        },
        "angle": -0.7328151017865087,
        "width": 1.2730956005326768,
        "height": 0.5
    },
    {
        "position": {
            "x": 32.13283456571537,
            "y": -20.828236952864938
        },
        "angle": 1.5707963267948966,
        "width": 0,
        "height": 0.5,
        "noHammer": true
    },
    {
        "position": {
            "x": 40.90962337267547,
            "y": -24.400460968635763
        },
        "angle": 0.024518246578951075,
        "width": 17.369541252249793,
        "height": 0.5
    },
    {
        "position": {
            "x": 49.591783728886675,
            "y": -25.606973715684187
        },
        "angle": -1.5707963267948966,
        "width": 2.8388535224668843,
        "height": 0.5
    },
    {
        "position": {
            "x": 52.02846633567076,
            "y": -26.860800688107062
        },
        "angle": 0.03029375991877536,
        "width": 4.686258465184324,
        "height": 0.5
    },
    {
        "position": {
            "x": 54.55977739320373,
            "y": -25.03920301119081
        },
        "angle": 1.4631064559620757,
        "width": 3.5216534486266107,
        "height": 0.5
    },
    {
        "position": {
            "x": 29.48323794474628,
            "y": -20.402408924494907
        },
        "angle": 1.5707963267948966,
        "width": 0,
        "height": 0.5
    },
    {
        "position": {
            "x": 30.334894001486347,
            "y": -23.193948221587338
        },
        "angle": 1.5707963267948966,
        "width": 0,
        "height": 0.5,
        "noHammer": true
    },
    {
        "position": {
            "x": 20.895706039283965,
            "y": -23.738061813393486
        },
        "angle": -0.06656816377582198,
        "width": 0.7112887729672044,
        "height": 0.5,
        "noHammer": true
    },
    {
        "position": {
            "x": 23.143131744570248,
            "y": -23.61977624995737
        },
        "angle": 0,
        "width": 1.1355414089867502,
        "height": 0.5,
        "noHammer": true
    },
    {
        "position": {
            "x": 27.496040479019463,
            "y": -23.50149068652125
        },
        "angle": 0.07130746478528938,
        "width": 1.992260397411982,
        "height": 0.5,
        "noHammer": true
    },
    {
        "position": {
            "x": 32.08552034034092,
            "y": -23.50149068652125
        },
        "angle": -0.03569911267932535,
        "width": 1.325642938119274,
        "height": 0.5,
        "noHammer": true
    },
    {
        "position": {
            "x": 37.43202780765354,
            "y": -23.43051934845958
        },
        "angle": 0,
        "width": 1.89256901497793,
        "height": 0.5,
        "noHammer": true
    },
    {
        "position": {
            "x": 42.09247900703669,
            "y": -23.335890897710684
        },
        "angle": 0,
        "width": 1.4667409866078955,
        "height": 0.5,
        "noHammer": true
    },
    {
        "position": {
            "x": 46.58733041760924,
            "y": -23.14663399621289
        },
        "angle": 0,
        "width": 1.6559978881056878,
        "height": 0.5,
        "noHammer": true
    },
    {
        "position": {
            "x": 19.499936390737748,
            "y": -23.714404700706265
        },
        "angle": 1.5707963267948966,
        "width": 0,
        "height": 0.5
    },
    {
        "position": {
            "x": 18.83753723549548,
            "y": -23.80903315145516
        },
        "angle": 0,
        "width": 3.5012526777091537,
        "height": 0.5
    },
    {
        "position": {
            "x": 21.9129618848346,
            "y": -23.738061813393486
        },
        "angle": 0.10673567264913662,
        "width": 1.3323806838767118,
        "height": 0.5
    },
    {
        "position": {
            "x": 25.035700759548167,
            "y": -23.61977624995737
        },
        "angle": 0.06885648930104327,
        "width": 2.750743430240291,
        "height": 0.5
    },
    {
        "position": {
            "x": 26.384156182719934,
            "y": -23.50149068652125
        },
        "angle": -0.7853981633974483,
        "width": 0.0669124192177242,
        "height": 0.5
    },
    {
        "position": {
            "x": 26.431470408094384,
            "y": -23.525147799208476
        },
        "angle": 0,
        "width": 0.047314225374446295,
        "height": 0.5
    },
    {
        "position": {
            "x": 30.02735153655243,
            "y": -23.50149068652125
        },
        "angle": 0.04474623145461499,
        "width": 3.173229329985889,
        "height": 0.5
    },
    {
        "position": {
            "x": 34.64048851056111,
            "y": -23.477833573834026
        },
        "angle": 0.049958395721942946,
        "width": 3.7898664990448485,
        "height": 0.5
    },
    {
        "position": {
            "x": 39.91602463981207,
            "y": -23.383205123085133
        },
        "angle": 0.09204684886340654,
        "width": 3.0884992580512165,
        "height": 0.5
    },
    {
        "position": {
            "x": 44.36356182501018,
            "y": -23.26491955964901
        },
        "angle": 0.044746231454616314,
        "width": 3.1732293299858783,
        "height": 0.5
    },
    {
        "position": {
            "x": 47.86481450271934,
            "y": -22.862748643966203
        },
        "angle": 0.7086262721276673,
        "width": 1.3086468129062967,
        "height": 0.5
    },
    {
        "position": {
            "x": 92.52662457998764,
            "y": -14.200705047402622
        },
        "angle": -0.029403288204005174,
        "width": 8.046896548765192,
        "height": 0.5
    },
    {
        "position": {
            "x": 94.31794091725641,
            "y": -16.53019018845988
        },
        "angle": -2.345442216401244,
        "width": 6.22321472103962,
        "height": 0.5
    },
    {
        "position": {
            "x": 89.82308950668386,
            "y": -20.149728429605155
        },
        "angle": 0.6043055068662315,
        "width": 2.414880241099431,
        "height": 0.5
    },
    {
        "position": {
            "x": 126.04446950351222,
            "y": -27.504696599825348
        },
        "angle": -1.8703535990363351,
        "width": 26.294835523412505,
        "height": 0.5
    },
    {
        "position": {
            "x": 93.58747885567165,
            "y": -31.530243288547894
        },
        "angle": -1.15236674270295,
        "width": 23.405243076816642,
        "height": 0.5
    },
    {
        "position": {
            "x": 113.30711801725718,
            "y": -32.76636849577281
        },
        "angle": 0,
        "width": 0.04731422537444985,
        "height": 0.5
    },
    {
        "position": {
            "x": 95.46965505109029,
            "y": -18.855986235685094
        },
        "angle": 0,
        "width": 0.04731422537444985,
        "height": 0.5
    },
    {
        "position": {
            "x": 99.0418790668611,
            "y": -22.2152962372709
        },
        "angle": 1.5707963267948966,
        "width": 0,
        "height": 0.5
    },
    {
        "position": {
            "x": 99.0418790668611,
            "y": -22.49918158951759
        },
        "angle": 1.5707963267948966,
        "width": 0,
        "height": 0.5
    },
    {
        "position": {
            "x": 99.11285040492277,
            "y": -22.49918158951759
        },
        "angle": 0,
        "width": 0.04731422537444985,
        "height": 0.5
    },
    {
        "position": {
            "x": 105.94975597153051,
            "y": -27.70374638070687
        },
        "angle": 1.5707963267948966,
        "width": 0,
        "height": 0.5
    },
    {
        "position": {
            "x": 105.99707019690496,
            "y": -27.893003282204663
        },
        "angle": 1.5707963267948966,
        "width": 0,
        "height": 0.5
    },
    {
        "position": {
            "x": 106.09169864765384,
            "y": -27.893003282204663
        },
        "angle": 1.5707963267948966,
        "width": 0,
        "height": 0.5
    },
    {
        "position": {
            "x": 106.04438442227939,
            "y": -27.845689056830214
        },
        "angle": 1.5707963267948966,
        "width": 0,
        "height": 0.5
    },
    {
        "position": {
            "x": 106.37558399990054,
            "y": -28.082260183702456
        },
        "angle": 0,
        "width": 0.0946284507488997,
        "height": 0.5
    },
    {
        "position": {
            "x": 109.75855111417357,
            "y": -42.08727089453907
        },
        "angle": 0,
        "width": 0.14194267612334954,
        "height": 0.5
    },
    {
        "position": {
            "x": 121.18493654210276,
            "y": -43.36475497964916
        },
        "angle": -1.9049943710603972,
        "width": 7.212277331177049,
        "height": 0.5
    },
    {
        "position": {
            "x": 101.52587589901964,
            "y": -45.4702380088121
        },
        "angle": -0.7553320383484041,
        "width": 8.90337565341278,
        "height": 0.5
    },
    {
        "position": {
            "x": 116.28791421584741,
            "y": -49.56291850370185
        },
        "angle": -2.5052635529709817,
        "width": 9.235974330718248,
        "height": 0.5
    },
    {
        "position": {
            "x": 105.35832815434992,
            "y": -49.23171892608071
        },
        "angle": 0,
        "width": 0.047314225374421426,
        "height": 0.5
    },
    {
        "position": {
            "x": 105.31101392897546,
            "y": -50.31994610969302
        },
        "angle": -1.1925023354534399,
        "width": 3.971295767884031,
        "height": 0.5
    },
    {
        "position": {
            "x": 107.27455428201506,
            "y": -54.696511956829454
        },
        "angle": -1.1108251718182012,
        "width": 5.7554405347840945,
        "height": 0.5
    },
    {
        "position": {
            "x": 112.14112012915147,
            "y": -55.01319984334934
        },
        "angle": -1.8722451023323246,
        "width": 5.896271354070852,
        "height": 0.5
    },
    {
        "position": {
            "x": 105.91821139470227,
            "y": -60.1737783618517
        },
        "angle": -2.7042547618419093,
        "width": 12.065127470484239,
        "height": 0.5
    },
    {
        "position": {
            "x": 92.71754251523126,
            "y": -63.2255458985036
        },
        "angle": -3.0899668348262304,
        "width": 15.587147163600985,
        "height": 0.5
    },
    {
        "position": {
            "x": 88.13454372254344,
            "y": -58.88474442017757
        },
        "angle": 0,
        "width": 0.0946284507488997,
        "height": 0.5
    },
    {
        "position": {
            "x": 93.95419344360053,
            "y": -58.60085906793088
        },
        "angle": 1.5707963267948966,
        "width": 0,
        "height": 0.5
    },
    {
        "position": {
            "x": 93.95419344360053,
            "y": -58.60085906793088
        },
        "angle": 1.5707963267948966,
        "width": 0,
        "height": 0.5
    },
    {
        "position": {
            "x": 93.97785055628776,
            "y": -58.55354484255643
        },
        "angle": 0,
        "width": 0.14194267612332112,
        "height": 0.5
    },
    {
        "position": {
            "x": 80.064368583072,
            "y": -59.46663399621288
        },
        "angle": 0,
        "width": 0.23657112687224924,
        "height": 0.5
    },
    {
        "position": {
            "x": 74.10277618589154,
            "y": -58.92252040440673
        },
        "angle": 0.1973955598498922,
        "width": 0.24125615845483273,
        "height": 0.5
    },
    {
        "position": {
            "x": 68.2594693521472,
            "y": -57.999893009604996
        },
        "angle": 0,
        "width": 0.2838853522466991,
        "height": 0.5
    },
    {
        "position": {
            "x": 56.82176230721345,
            "y": -55.98246202458293
        },
        "angle": 0,
        "width": 0.0946284507488997,
        "height": 0.5
    },
    {
        "position": {
            "x": 77.56905013390889,
            "y": -62.36988245013342
        },
        "angle": -0.1820875089215499,
        "width": 15.154518160683743,
        "height": 0.5
    },
    {
        "position": {
            "x": 33.31631460309756,
            "y": -6.475118585903365
        },
        "angle": 0.36397895650964296,
        "width": 2.8272122019099393,
        "height": 0.5
    },
    {
        "position": {
            "x": 29.47913120475689,
            "y": -7.418688274019924
        },
        "angle": -2.9683469871374273,
        "width": 5.108848749101184,
        "height": 0.5
    },
    {
        "position": {
            "x": 24.069331659555296,
            "y": -8.488067253885356
        },
        "angle": -2.9516043656710784,
        "width": 6.6619554189855394,
        "height": 0.5
    },
    {
        "position": {
            "x": 20.420862198837938,
            "y": -9.494541587876352
        },
        "angle": -1.8925468811915362,
        "width": 0.7956878254781488,
        "height": 0.5
    },
    {
        "position": {
            "x": 40.17292100341122,
            "y": -0.8137004572040221
        },
        "angle": 0.7389200320464449,
        "width": 15.317765641456937,
        "height": 0.5
    },
    {
        "position": {
            "x": 56.83416363898702,
            "y": -59.13247079964951
        },
        "angle": 0,
        "width": 0.3366831948474456,
        "height": 0.5
    },
    {
        "position": {
            "x": 56.9063100378829,
            "y": -65.79398829770273
        },
        "angle": 0.09966865249117074,
        "width": 0.48337489027692826,
        "height": 0.5
    },
    {
        "position": {
            "x": 54.65781968683207,
            "y": -72.75847550911193
        },
        "angle": 1.9071361939248488,
        "width": 13.553370940785593,
        "height": 0.5
    },
    {
        "position": {
            "x": 59.87640920696764,
            "y": -73.31159790064703
        },
        "angle": 1.1120991724029339,
        "width": 13.035159308855116,
        "height": 0.5
    },
    {
        "position": {
            "x": 66.56197550465282,
            "y": -64.38949323718947
        },
        "angle": 0.6850650591768281,
        "width": 10.186249426199272,
        "height": 0.5
    },
    {
        "position": {
            "x": 56.88050644947147,
            "y": -76.36981956625691
        },
        "angle": 1.5707963267948966,
        "width": 0,
        "height": 0.5
    },
    {
        "position": {
            "x": 56.924121306270294,
            "y": -76.36981956625691
        },
        "angle": 0,
        "width": 0.08722971359764387,
        "height": 0.5
    },
    {
        "position": {
            "x": 72.04837488500654,
            "y": -22.97246217054682
        },
        "angle": 0.04048419713988083,
        "width": 34.483992129676786,
        "height": 0.5,
        "noHammer": true
    },
    {
        "position": {
            "x": 59.147032299174015,
            "y": -30.43482897504526
        },
        "angle": -0.6383198080090464,
        "width": 12.10692800173538,
        "height": 0.5
    },
    {
        "position": {
            "x": 92.55041377195735,
            "y": -34.51223704214557
        },
        "angle": 0.5790742693677328,
        "width": 3.247754756386467,
        "height": 0.5
    },
    {
        "position": {
            "x": 93.70045194472924,
            "y": -33.88494349336091
        },
        "angle": -2.6779450445889923,
        "width": 1.1688925141079929,
        "height": 0.5
    },
    {
        "position": {
            "x": 78.88621405632378,
            "y": -40.70249793020491
        },
        "angle": 0.06103520658968886,
        "width": 27.38555352669249,
        "height": 0.5,
        "noHammer": true
    },
    {
        "position": {
            "x": 94.9073032183106,
            "y": -46.47312720182102
        },
        "angle": -1.228500718364856,
        "width": 14.025362451170277,
        "height": 0.5,
        "noHammer": true
    },
    {
        "position": {
            "x": 88.37738062148186,
            "y": -27.642652736547394
        },
        "angle": -1.7043253758867662,
        "width": 10.265915324930395,
        "height": 0.5,
        "noHammer": true
    },
    {
        "position": {
            "x": 60.43538625365646,
            "y": -28.477875394281305
        },
        "angle": -0.71783199596095,
        "width": 14.31423997666011,
        "height": 0.5,
        "noHammer": true
    },
    {
        "position": {
            "x": 21.00191404864657,
            "y": -14.85188722228403
        },
        "angle": 1.632257282677663,
        "width": 8.029852174617867,
        "height": 0.5,
        "noHammer": true
    },
    {
        "position": {
            "x": 47.82030239177922,
            "y": -5.974075908695294
        },
        "angle": 0.17804880955199742,
        "width": 54.9994672742435,
        "height": 0.5,
        "noHammer": true
    },
    {
        "position": {
            "x": 93.75064564610983,
            "y": -12.940691731164234
        },
        "angle": 1.5707963267948966,
        "width": 0,
        "height": 0.5
    },
    {
        "position": {
            "x": 85.119440202343,
            "y": -0.8570041098906722
        },
        "angle": 0.035699112679323804,
        "width": 20.728099883764898,
        "height": 0.5,
        "noHammer": true
    },
    {
        "position": {
            "x": 133.1222457288863,
            "y": -7.222961660195601
        },
        "angle": 1.2443288262498482,
        "width": 16.53271206230617,
        "height": 0.5,
        "noHammer": true
    },
    {
        "position": {
            "x": 115.67488043898621,
            "y": 0.17521443446167723
        },
        "angle": 0.033524020949054156,
        "width": 40.466099636217045,
        "height": 0.5,
        "noHammer": true
    },
    {
        "position": {
            "x": 71.53242974086443,
            "y": -13.94297161284263
        },
        "angle": 1.5707963267948966,
        "width": 0,
        "height": 0.5
    },
    {
        "position": {
            "x": 71.5940812083199,
            "y": -13.94297161284263
        },
        "angle": 0,
        "width": 0.1233029349109529,
        "height": 0.5
    },
    {
        "position": {
            "x": 52.050566024933595,
            "y": -14.251228950120021
        },
        "angle": 1.5707963267948966,
        "width": 0.1233029349109529,
        "height": 0.5
    },
    {
        "position": {
            "x": 86.39043339763447,
            "y": -14.189577482664545
        },
        "angle": 3.141592653589793,
        "width": 0.1233029349109529,
        "height": 0.5
    },
    {
        "position": {
            "x": -8.155401478018366,
            "y": 16.45051371260261
        },
        "angle": 1.9493419221063897,
        "width": 23.354760696047297,
        "height": 0.5,
        "noHammer": true
    },
    {
        "position": {
            "x": 54.60579239165756,
            "y": 16.018953440414272
        },
        "angle": 0.9395896804797644,
        "width": 30.08819006187601,
        "height": 0.5,
        "noHammer": true
    },
    {
        "position": {
            "x": 24.951436545572967,
            "y": 27.60942932204401
        },
        "angle": 0.011381622332184316,
        "width": 75.83621687929346,
        "height": 0.5,
        "noHammer": true
    },
    {
        "position": {
            "x": 48.75889303074019,
            "y": -41.580600535897105
        },
        "angle": 3.141592653589793,
        "width": 32.79858068631394,
        "height": 0.5,
        "noHammer": true
    },
    {
        "position": {
            "x": 44.99815351595608,
            "y": -60.507601044728645
        },
        "angle": -0.9850820487725502,
        "width": 44.833801700275025,
        "height": 0.5,
        "noHammer": true
    },
    {
        "position": {
            "x": 84.65196552796925,
            "y": -61.352850638670525
        },
        "angle": 0,
        "width": 0.11044683534868227,
        "height": 0.5
    },
    {
        "position": {
            "x": 90.86460001633324,
            "y": -61.131956967973146
        },
        "angle": 0,
        "width": 0.16567025302303762,
        "height": 0.5
    },
    {
        "position": {
            "x": 96.96678766934852,
            "y": -60.52449937355533
        },
        "angle": 1.5707963267948966,
        "width": 0,
        "height": 0.5
    },
    {
        "position": {
            "x": 97.02201108702288,
            "y": -60.57972279122967
        },
        "angle": 1.5707963267948966,
        "width": 0,
        "height": 0.5
    },
    {
        "position": {
            "x": 97.13245792237157,
            "y": -60.57972279122967
        },
        "angle": 0,
        "width": 0.11044683534868227,
        "height": 0.5
    },
    {
        "position": {
            "x": 35.83870858143193,
            "y": 5.238229674922604
        },
        "angle": 1.290915641439137,
        "width": 24.956054742966643,
        "height": 0.5
    },
    {
        "position": {
            "x": 39.357462375568666,
            "y": 22.472942136000455
        },
        "angle": 1.530817639671606,
        "width": 10.780309200216497,
        "height": 0.5
    },
    {
        "position": {
            "x": 35.58326048415131,
            "y": 5.297432033894613
        },
        "angle": -0.09966865249116319,
        "width": 0.680194709916582,
        "height": 0.5
    }
]