[
    {
        "position": {
            "x": 4,
            "y": 5.5
        },
        "angle": 0,
        "width": 15,
        "height": 0.5
    },
    {
        "position": {
            "x": 13.461068440544704,
            "y": 5.40739573008676
        },
        "angle": -0.0188656860216696,
        "width": 3.870747140250783,
        "height": 0.5,
        "noHammer": true
    },
    {
        "position": {
            "x": 21.566284951209177,
            "y": 5.188335824393125
        },
        "angle": -0.03952742361601524,
        "width": 12.934637770731948,
        "height": 0.5,
        "noHammer": true
    },
    {
        "position": {
            "x": 36.060748711271295,
            "y": 4.750216013005856
        },
        "angle": -0.013273556684174403,
        "width": 16.503966768971072,
        "height": 0.5,
        "noHammer": true
    },
    {
        "position": {
            "x": -8.663982034512355,
            "y": 5.44390571436903
        },
        "angle": 3.141592653589793,
        "width": 10.73393537898808,
        "height": 0.5,
        "noHammer": true
    },
    {
        "position": {
            "x": -20.853599488240484,
            "y": 5.381355792957675
        },
        "angle": -3.1328012710468234,
        "width": 14.230009180813466,
        "height": 0.5,
        "noHammer": true
    },
    {
        "position": {
            "x": -37.16177315047101,
            "y": 5.343377333294984
        },
        "angle": -3.12996527063341,
        "width": 18.840425450707897,
        "height": 0.5,
        "noHammer": true
    },
    {
        "position": {
            "x": -57.072659393934096,
            "y": 4.926297459036805
        },
        "angle": -3.1263056075860365,
        "width": 21.13112959304634,
        "height": 0.5,
        "noHammer": true
    },
    {
        "position": {
            "x": 51.507737708861995,
            "y": 4.517807443319075
        },
        "angle": -0.009708432834109049,
        "width": 15.04282243932474,
        "height": 0.5,
        "noHammer": true
    },
    {
        "position": {
            "x": 72.19087772105449,
            "y": 4.264987160399978
        },
        "angle": -0.010898751012845764,
        "width": 26.799920131855902,
        "height": 0.5,
        "noHammer": true
    },
    {
        "position": {
            "x": -34.30421449249807,
            "y": -157.38182561267507
        },
        "angle": -1.4361984126344298,
        "width": 55.69877798505795,
        "height": 0.5,
        "noHammer": true
    },
    {
        "position": {
            "x": 53.49187058626649,
            "y": -159.0378528718137
        },
        "angle": -1.7710463032502022,
        "width": 56.19001592523455,
        "height": 0.5,
        "noHammer": true
    },
    {
        "position": {
            "x": -52.999617109811915,
            "y": -62.61006031348109
        },
        "angle": 1.7838400615567471,
        "width": 136.6685835620247,
        "height": 0.5,
        "noHammer": true
    },
    {
        "position": {
            "x": 72.26455130186467,
            "y": -63.83680407376955
        },
        "angle": -1.7627907045999653,
        "width": 138.57854651679264,
        "height": 0.5,
        "noHammer": true
    },
    {
        "position": {
            "x": -30.022132179534367,
            "y": -231.9624494693244
        },
        "angle": -1.5535069834366886,
        "width": 94.60971448608753,
        "height": 0.5,
        "noHammer": true
    },
    {
        "position": {
            "x": 46.71750526962114,
            "y": -231.68983974481588
        },
        "angle": -1.5918142523570222,
        "width": 90.79909291775878,
        "height": 0.5,
        "noHammer": true
    },
    {
        "position": {
            "x": 44.377130381627126,
            "y": -319.21614240901954
        },
        "angle": -1.5907936607680475,
        "width": 84.02982138291335,
        "height": 0.5,
        "noHammer": true
    },
    {
        "position": {
            "x": 45.775668429730615,
            "y": -276.9387859676184
        },
        "angle": -1.712693381399053,
        "width": 4.279971300561939,
        "height": 0.5,
        "noHammer": true
    },
    {
        "position": {
            "x": -27.160492761128225,
            "y": -321.72945757030345
        },
        "angle": -1.5204791223334184,
        "width": 84.24044746349446,
        "height": 0.5,
        "noHammer": true
    },
    {
        "position": {
            "x": 40.490186631181786,
            "y": -395.9430121746571
        },
        "angle": -1.6514719067584935,
        "width": 71.3523975346789,
        "height": 0.5,
        "noHammer": true
    },
    {
        "position": {
            "x": -19.194193362687926,
            "y": -398.2086964257725
        },
        "angle": -1.4091295294597743,
        "width": 71.44668275981803,
        "height": 0.5,
        "noHammer": true
    },
    {
        "position": {
            "x": 26.776583361092943,
            "y": -465.6722023643905
        },
        "angle": -1.8634545624247612,
        "width": 72.38214780567534,
        "height": 0.5,
        "noHammer": true
    },
    {
        "position": {
            "x": -5.000582302974198,
            "y": -469.45519827677947
        },
        "angle": -1.33761652614808,
        "width": 74.65391393112908,
        "height": 0.5,
        "noHammer": true
    },
    {
        "position": {
            "x": 14.247595623926081,
            "y": -508.1361696635022
        },
        "angle": -1.8538921120943939,
        "width": 17.335204695741556,
        "height": 0.5,
        "noHammer": true
    },
    {
        "position": {
            "x": 4.865765761201492,
            "y": -512.9784044313601
        },
        "angle": -1.3843094251276793,
        "width": 16.322915020997524,
        "height": 0.5,
        "noHammer": true
    },
    {
        "position": {
            "x": 7.286883145130414,
            "y": -524.0247524955357
        },
        "angle": -1.304544277643974,
        "width": 6.90124635609016,
        "height": 0.5,
        "noHammer": true
    },
    {
        "position": {
            "x": 9.358000529059336,
            "y": -526.1302342940846
        },
        "angle": -2.0899424410414156,
        "width": 2.439959048515124,
        "height": 0.5,
        "noHammer": true
    },
    {
        "position": {
            "x": 7.996122000599316,
            "y": -527.1894731495535
        },
        "angle": 3.141592653589793,
        "width": 1.5131983649556053,
        "height": 0.5,
        "noHammer": true
    },
    {
        "position": {
            "x": 160.16430426800213,
            "y": -30.733342086979903
        },
        "angle": -3.1093457711545405,
        "width": 10.721949492760928,
        "height": 0.5,
        "noHammer": true
    },
    {
        "position": {
            "x": 154.80611661551754,
            "y": -24.165241093611655
        },
        "angle": 1.5707963267948966,
        "width": 13.481891512703225,
        "height": 0.5,
        "noHammer": true
    },
    {
        "position": {
            "x": 159.12723569010188,
            "y": -18.46136391516031
        },
        "angle": -0.08673833867598679,
        "width": 7.9808624457223045,
        "height": 0.5,
        "noHammer": true
    },
    {
        "position": {
            "x": 159.30008045308523,
            "y": -23.99239633062829
        },
        "angle": 0.16514867741462955,
        "width": 8.410989182668375,
        "height": 0.5,
        "noHammer": true
    },
    {
        "position": {
            "x": 167.25093955032048,
            "y": -26.930757301345658
        },
        "angle": -1.6433957805253923,
        "width": 19.06313972755369,
        "height": 0.5,
        "noHammer": true
    },
    {
        "position": {
            "x": 171.7449033878882,
            "y": -26.75791253836227
        },
        "angle": 1.0303768265243125,
        "width": 20.156989964639866,
        "height": 0.5,
        "noHammer": true
    },
    {
        "position": {
            "x": 176.23886722545598,
            "y": -27.9678258792459
        },
        "angle": -1.5707963267948966,
        "width": 17.6301658243042,
        "height": 0.5,
        "noHammer": true
    },
    {
        "position": {
            "x": 182.80696821882418,
            "y": -35.05446116156425
        },
        "angle": 1.5707963267948966,
        "width": 3.4568952596675047,
        "height": 0.5,
        "noHammer": true
    },
    {
        "position": {
            "x": 183.84403679672448,
            "y": -28.65920493117939
        },
        "angle": -1.613323861414679,
        "width": 16.262111259844936,
        "height": 0.5,
        "noHammer": true
    },
    {
        "position": {
            "x": 187.8194663453421,
            "y": -25.547999197478656
        },
        "angle": -0.8270407424960373,
        "width": 11.74327214242417,
        "height": 0.5,
        "noHammer": true
    },
    {
        "position": {
            "x": 187.30093205639196,
            "y": -33.67170305769725
        },
        "angle": 0.6947382761967,
        "width": 10.799686032584546,
        "height": 0.5,
        "noHammer": true
    },
    {
        "position": {
            "x": 100.3582329357231,
            "y": 4.005771122348251
        },
        "angle": 1.5707963267948966,
        "width": 0,
        "height": 0.5,
        "noHammer": true
    },
    {
        "position": {
            "x": 12.875882364178743,
            "y": -0.8894506605360039
        },
        "angle": 1.5707963267948966,
        "width": 0,
        "height": 0.5,
        "noHammer": true
    },
    {
        "position": {
            "x": 14.494215808994586,
            "y": 0.04023940507230918
        },
        "angle": 1.5707963267948966,
        "width": 0.02943569457729609,
        "height": 0.5,
        "noHammer": true
    },
    {
        "position": {
            "x": 19.324682808675547,
            "y": -5.6509533559427005
        },
        "angle": 0.32175055439665146,
        "width": 0.12099066865868487,
        "height": 0.5
    },
    {
        "position": {
            "x": 14.19516412737636,
            "y": -6.577083198666978
        },
        "angle": 0,
        "width": 0.07652121771764087,
        "height": 0.5
    },
    {
        "position": {
            "x": 13.88907925650581,
            "y": -18.686565902483185
        },
        "angle": -0.4636476090008342,
        "width": 0.08555332226884838,
        "height": 0.5
    },
    {
        "position": {
            "x": 4.170794662658334,
            "y": -26.47833227673659
        },
        "angle": 0,
        "width": 0.30608487087055014,
        "height": 0.5
    },
    {
        "position": {
            "x": 8.302940419410781,
            "y": -22.51835925984883
        },
        "angle": -0.46364760900079727,
        "width": 0.2566599668065483,
        "height": 0.5
    },
    {
        "position": {
            "x": -2.1378932986768246,
            "y": -29.433577433272383
        },
        "angle": 0.05875582271571944,
        "width": 0.6515546908524145,
        "height": 0.5
    },
    {
        "position": {
            "x": -4.783120466471114,
            "y": -38.6183802467139
        },
        "angle": 0,
        "width": 0.07652121771763642,
        "height": 0.5
    },
    {
        "position": {
            "x": 2.6585679565691747,
            "y": -44.14703822681325
        },
        "angle": 0.785398163397427,
        "width": 0.16232601585838152,
        "height": 0.5
    },
    {
        "position": {
            "x": -1.0718414071656752,
            "y": -49.694826511342
        },
        "angle": 0.244978663126878,
        "width": 0.15775253162535072,
        "height": 0.5
    },
    {
        "position": {
            "x": -13.160923741617776,
            "y": -53.16923794979017
        },
        "angle": -0.11065722117387876,
        "width": 0.34646454883623995,
        "height": 0.5
    },
    {
        "position": {
            "x": -20.086093945064007,
            "y": -59.19528384505416
        },
        "angle": -1.8157749899217612,
        "width": 0.15775253162534478,
        "height": 0.5
    },
    {
        "position": {
            "x": -14.600538362871589,
            "y": -67.59708319866698
        },
        "angle": 0,
        "width": 0.22956365315291904,
        "height": 0.5
    },
    {
        "position": {
            "x": 6.043301813168327,
            "y": -73.45752254363762
        },
        "angle": 1.249045772398238,
        "width": 0.12099066865867392,
        "height": 0.5
    },
    {
        "position": {
            "x": 12.679389682162459,
            "y": -76.82534980377294
        },
        "angle": 0,
        "width": 0.535648524023463,
        "height": 0.5
    },
    {
        "position": {
            "x": 10.651577412645052,
            "y": -80.57488947193721
        },
        "angle": -1.4801364395941476,
        "width": 1.6904089503321884,
        "height": 0.5
    },
    {
        "position": {
            "x": 10.90027137022738,
            "y": -82.5835714370252
        },
        "angle": -1.3923858274438565,
        "width": 2.3715405623625867,
        "height": 0.5,
        "noHammer": true
    },
    {
        "position": {
            "x": 11.703744156262573,
            "y": -84.55399279325437
        },
        "angle": -0.747441718209128,
        "width": 2.138833056721239,
        "height": 0.5
    },
    {
        "position": {
            "x": 16.05208871258168,
            "y": -89.95445912133728
        },
        "angle": -0.6186443509247486,
        "width": 8.31277217001856,
        "height": 0.5,
        "noHammer": true
    },
    {
        "position": {
            "x": 22.403349783145636,
            "y": -92.09705321743114
        },
        "angle": 0.07348706028759033,
        "width": 6.25335679807913,
        "height": 0.5,
        "noHammer": true
    },
    {
        "position": {
            "x": 17.62077367579326,
            "y": -81.88147065212647
        },
        "angle": 1.6951513213416523,
        "width": 0.3084668902266306,
        "height": 0.5,
        "noHammer": true
    },
    {
        "position": {
            "x": 19.361631378869525,
            "y": -83.75624048620861
        },
        "angle": 0.7853981633974366,
        "width": 0.2164346878111666,
        "height": 0.5,
        "noHammer": true
    },
    {
        "position": {
            "x": 21.083358777516377,
            "y": -85.84144366901424
        },
        "angle": 1.5707963267948966,
        "width": 0.26782426201174303,
        "height": 0.5,
        "noHammer": true
    },
    {
        "position": {
            "x": 23.092040742604375,
            "y": -87.27621650121995
        },
        "angle": -1.8157749899217834,
        "width": 0.1577525316253603,
        "height": 0.5,
        "noHammer": true
    },
    {
        "position": {
            "x": 24.125077181792488,
            "y": -88.92142268214917
        },
        "angle": 1.1071487177940655,
        "width": 0.2566599668065467,
        "height": 0.5,
        "noHammer": true
    },
    {
        "position": {
            "x": 12.530768927370076,
            "y": -86.44765985876907
        },
        "angle": -1.373400766945017,
        "width": 2.7734367212409747,
        "height": 0.5,
        "noHammer": true
    },
    {
        "position": {
            "x": -55.602875101638105,
            "y": 17.749993532420426
        },
        "angle": 1.665110278122077,
        "width": 20.21472013119197,
        "height": 0.5
    },
    {
        "position": {
            "x": -50.5036655001997,
            "y": 27.608465428534664
        },
        "angle": 0.057408114636799734,
        "width": 11.849687370881284,
        "height": 0.5
    },
    {
        "position": {
            "x": -44.52059290117865,
            "y": 24.88888697443419
        },
        "angle": -1.5475447039844341,
        "width": 5.8486746128533245,
        "height": 0.5
    },
    {
        "position": {
            "x": -47.512129200689174,
            "y": 21.829361213571147
        },
        "angle": -3.0971774383428823,
        "width": 6.125092047897584,
        "height": 0.5
    },
    {
        "position": {
            "x": -50.5036655001997,
            "y": 15.030415078319944
        },
        "angle": -1.560158430219356,
        "width": 12.782742005951102,
        "height": 0.5
    },
    {
        "position": {
            "x": -54.31107533594037,
            "y": 7.6875532522486445
        },
        "angle": 3.141592653589793,
        "width": 0.13597892270502143,
        "height": 0.5
    },
    {
        "position": {
            "x": -52.61133880212758,
            "y": 8.435437327126278
        },
        "angle": -2.964883797519759,
        "width": 3.8676383417785156,
        "height": 0.5
    },
    {
        "position": {
            "x": -43.16080367412841,
            "y": 15.506341307787524
        },
        "angle": -0.4773453823736711,
        "width": 4.439664972691095,
        "height": 0.5
    },
    {
        "position": {
            "x": -40.16926737461789,
            "y": 16.934119996190276
        },
        "angle": 1.2242574623609541,
        "width": 5.204636564672662,
        "height": 0.5
    },
    {
        "position": {
            "x": -38.197572995395035,
            "y": 17.07009891889531
        },
        "angle": -1.0808390005411672,
        "width": 4.623283371970825,
        "height": 0.5
    },
    {
        "position": {
            "x": -35.885931309409614,
            "y": 15.846288614550085
        },
        "angle": 0.5880026035475631,
        "width": 2.9416738691719067,
        "height": 0.5
    },
    {
        "position": {
            "x": -36.83778376834479,
            "y": 20.061635218405826
        },
        "angle": 2.122451309323445,
        "width": 8.302512688447422,
        "height": 0.5
    },
    {
        "position": {
            "x": -41.93699336978318,
            "y": 19.92565629570081
        },
        "angle": -2.284154424805518,
        "width": 9.350961160718684,
        "height": 0.5
    },
    {
        "position": {
            "x": -32.96238447125161,
            "y": 19.721687911643276
        },
        "angle": 1.5799703813400074,
        "width": 14.822326318249258,
        "height": 0.5
    },
    {
        "position": {
            "x": -31.8065636282589,
            "y": 12.922741776392067
        },
        "angle": 0.06241880999596262,
        "width": 2.1799079629527593,
        "height": 0.5
    },
    {
        "position": {
            "x": -31.94254255096393,
            "y": 26.724602430952
        },
        "angle": 0,
        "width": 2.1756627632803998,
        "height": 0.5
    },
    {
        "position": {
            "x": -30.922700630676246,
            "y": 19.721687911643265
        },
        "angle": -1.5805047596290067,
        "width": 14.006489114920996,
        "height": 0.5
    },
    {
        "position": {
            "x": -23.57983880460494,
            "y": 12.650783930982026
        },
        "angle": 2.2292217005782664,
        "width": 9.111602532808627,
        "height": 0.5
    },
    {
        "position": {
            "x": -26.707354026820504,
            "y": 18.49787760729805
        },
        "angle": 1.7483924940783855,
        "width": 5.387923519263205,
        "height": 0.5
    },
    {
        "position": {
            "x": -26.503385642762968,
            "y": 23.733066131441483
        },
        "angle": 1.2998494764564754,
        "width": 5.08059182756757,
        "height": 0.5
    },
    {
        "position": {
            "x": -24.939628031655193,
            "y": 26.452644585541957
        },
        "angle": 0.1798534997924777,
        "width": 1.5202905733781307,
        "height": 0.5
    },
    {
        "position": {
            "x": -22.559996884317272,
            "y": 26.588623508246982
        },
        "angle": 0,
        "width": 3.8074098357406747,
        "height": 0.5
    },
    {
        "position": {
            "x": -19.704439507511772,
            "y": 25.500792126606793
        },
        "angle": -0.8519663271732738,
        "width": 2.8909515516259474,
        "height": 0.5
    },
    {
        "position": {
            "x": -19.43248166210172,
            "y": 22.50925582709627
        },
        "angle": -1.7561442767905944,
        "width": 4.427152975131998,
        "height": 0.5
    },
    {
        "position": {
            "x": -21.40417604132456,
            "y": 19.381740604880715
        },
        "angle": -2.6224465393432688,
        "width": 3.2888913695516098,
        "height": 0.5
    },
    {
        "position": {
            "x": -24.73565964759765,
            "y": 19.381740604880715
        },
        "angle": 2.736700867304709,
        "width": 4.142338490005077,
        "height": 0.5
    },
    {
        "position": {
            "x": -12.565546065498012,
            "y": 14.282531003442308
        },
        "angle": 2.503272845580747,
        "width": 5.248856871341427,
        "height": 0.5
    },
    {
        "position": {
            "x": -8.078241616232207,
            "y": 15.3703623850825
        },
        "angle": 0.7853981633974484,
        "width": 7.499826230766774,
        "height": 0.5
    },
    {
        "position": {
            "x": -12.021630374677915,
            "y": 18.429888145945544
        },
        "angle": 0.8557046275160728,
        "width": 6.843672068042705,
        "height": 0.5
    },
    {
        "position": {
            "x": -11.341735761152794,
            "y": 22.985182056563843
        },
        "angle": 2.2413178847754462,
        "width": 5.033057357653082,
        "height": 0.5
    },
    {
        "position": {
            "x": -11.477714683857812,
            "y": 26.38465512418945
        },
        "angle": 0.7853981633974483,
        "width": 4.038367970412902,
        "height": 0.5
    },
    {
        "position": {
            "x": -4.74675800995913,
            "y": 18.973803836765637
        },
        "angle": 0.9272952180016093,
        "width": 2.719578454100479,
        "height": 0.5
    },
    {
        "position": {
            "x": -7.126389157297044,
            "y": 23.733066131441483
        },
        "angle": 2.269037215638061,
        "width": 9.94135198853762,
        "height": 0.5
    },
    {
        "position": {
            "x": 1.3043040504144392,
            "y": 18.973803836765647
        },
        "angle": 1.6731768370449955,
        "width": 19.957425948619395,
        "height": 0.5
    },
    {
        "position": {
            "x": 6.063566345090285,
            "y": 29.17222303964244
        },
        "angle": 0.04702413184274512,
        "width": 11.57099936860931,
        "height": 0.5
    },
    {
        "position": {
            "x": 10.006955103535974,
            "y": 23.05317151791636
        },
        "angle": 0,
        "width": 4.759262294675845,
        "height": 0.5
    },
    {
        "position": {
            "x": 11.910660021406311,
            "y": 26.180686740131904
        },
        "angle": 1.6332151367908534,
        "width": 6.539723888858287,
        "height": 0.5
    },
    {
        "position": {
            "x": 7.491345033493035,
            "y": 16.39020430537019
        },
        "angle": -1.5511909959376928,
        "width": 13.872516113076124,
        "height": 0.5
    },
    {
        "position": {
            "x": 4.907745502097578,
            "y": 9.319300324708937
        },
        "angle": -3.0916342578678497,
        "width": 5.445951610298256,
        "height": 0.5
    },
    {
        "position": {
            "x": 13.202459787104043,
            "y": 17.002109457542794
        },
        "angle": -0.7597627548757715,
        "width": 3.751145625890076,
        "height": 0.5
    },
    {
        "position": {
            "x": 15.582090934441966,
            "y": 17.342056764305354
        },
        "angle": 1.074373573390014,
        "width": 3.711502287203123,
        "height": 0.5
    },
    {
        "position": {
            "x": 16.805901238787172,
            "y": 19.177772220823172
        },
        "angle": 0.7853981633974464,
        "width": 1.3461226568043014,
        "height": 0.5
    },
    {
        "position": {
            "x": 18.913574540715054,
            "y": 17.81798299377293
        },
        "angle": -0.8441539861131706,
        "width": 4.912209175424512,
        "height": 0.5
    },
    {
        "position": {
            "x": 21.225216226700468,
            "y": 17.206077841600326
        },
        "angle": 1.0636978224025615,
        "width": 2.7999773902815885,
        "height": 0.5
    },
    {
        "position": {
            "x": 13.882354400629165,
            "y": 21.013487677341
        },
        "angle": 0.9723774333163621,
        "width": 7.241436211358466,
        "height": 0.5
    },
    {
        "position": {
            "x": 15.922038241204529,
            "y": 23.665076670088975
        },
        "angle": -2.24553726901844,
        "width": 0.8706899357525428,
        "height": 0.5
    },
    {
        "position": {
            "x": 16.329975009319597,
            "y": 24.54893966767162
        },
        "angle": 0.7853981633974374,
        "width": 1.1538194201179723,
        "height": 0.5
    },
    {
        "position": {
            "x": 19.38950077018264,
            "y": 21.76137175221863
        },
        "angle": -0.9038881225555846,
        "width": 8.13376768962746,
        "height": 0.5
    },
    {
        "position": {
            "x": 24.48871037162104,
            "y": 22.03332959762868
        },
        "angle": 1.6606438664895242,
        "width": 15.154788405783004,
        "height": 0.5
    },
    {
        "position": {
            "x": 25.304583907851182,
            "y": 29.172223039642432
        },
        "angle": 3.141592653589793,
        "width": 2.991536299510532,
        "height": 0.5
    },
    {
        "position": {
            "x": 27.140299364369003,
            "y": 22.03332959762868
        },
        "angle": -1.4644034720959915,
        "width": 14.085473702250933,
        "height": 0.5
    },
    {
        "position": {
            "x": 26.596383673548907,
            "y": 15.030415078319947
        },
        "angle": 3.141592653589793,
        "width": 2.5835995313954676,
        "height": 0.5
    },
    {
        "position": {
            "x": 33.25935088609509,
            "y": 13.058720699097101
        },
        "angle": -0.7853981633974483,
        "width": 4.422974443785538,
        "height": 0.5
    },
    {
        "position": {
            "x": 35.570992572080485,
            "y": 11.630942010694344
        },
        "angle": 0.10487693873022863,
        "width": 2.597873670582705,
        "height": 0.5
    },
    {
        "position": {
            "x": 38.35856048753349,
            "y": 12.922741776392067
        },
        "angle": 0.5155490074589837,
        "width": 4.688808799940792,
        "height": 0.5
    },
    {
        "position": {
            "x": 40.126286482698795,
            "y": 15.710309691845058
        },
        "angle": 1.5707963267948966,
        "width": 3.2634941449205694,
        "height": 0.5
    },
    {
        "position": {
            "x": 38.90247617835357,
            "y": 18.15793030053549
        },
        "angle": 2.5535900500422275,
        "width": 2.9416738691719284,
        "height": 0.5
    },
    {
        "position": {
            "x": 35.50300311072799,
            "y": 19.109782759470672
        },
        "angle": 3.141592653589793,
        "width": 4.079367681150728,
        "height": 0.5
    },
    {
        "position": {
            "x": 38.97046563970609,
            "y": 20.809519293283465
        },
        "angle": 0.9209258773829414,
        "width": 4.269824782838129,
        "height": 0.5
    },
    {
        "position": {
            "x": 39.99030755999378,
            "y": 23.325129363326404
        },
        "angle": 1.89254688119154,
        "width": 1.7200124380954467,
        "height": 0.5
    },
    {
        "position": {
            "x": 38.56252887159102,
            "y": 26.18068674013191
        },
        "angle": 1.9797041557458293,
        "width": 4.445907766924587,
        "height": 0.5
    },
    {
        "position": {
            "x": 35.50300311072797,
            "y": 28.696296810174854
        },
        "angle": 2.926234953892057,
        "width": 4.4542178821517195,
        "height": 0.5
    },
    {
        "position": {
            "x": 32.443477349864935,
            "y": 28.220370580707268
        },
        "angle": -2.3191743743184166,
        "width": 2.597873670582706,
        "height": 0.5
    },
    {
        "position": {
            "x": 10.059565630919195,
            "y": -93.3177191595183
        },
        "angle": 0,
        "width": 0.3327822443494366,
        "height": 0.5,
        "noHammer": true
    },
    {
        "position": {
            "x": 9.934772289288158,
            "y": -92.86014357353783
        },
        "angle": -1.6847286454291956,
        "width": 16.831430470204573,
        "height": 0.5,
        "noHammer": true
    },
    {
        "position": {
            "x": 9.47719670330769,
            "y": -98.18465948312877
        },
        "angle": 2.677945044588961,
        "width": 0.18603093001757476,
        "height": 0.5,
        "noHammer": true
    },
    {
        "position": {
            "x": 9.560392264395045,
            "y": -98.22625726367245
        },
        "angle": 0,
        "width": 0.3327822443494277,
        "height": 0.5,
        "noHammer": true
    },
    {
        "position": {
            "x": 5.359016429483449,
            "y": -103.5091753927197
        },
        "angle": 0.9505468408120828,
        "width": 0.7156752772475713,
        "height": 0.5,
        "noHammer": true
    },
    {
        "position": {
            "x": -2.794148557077674,
            "y": -114.28300055353262
        },
        "angle": 0,
        "width": 0.4159778054367873,
        "height": 0.5,
        "noHammer": true
    },
    {
        "position": {
            "x": -12.127646462086918,
            "y": -124.20247626397867
        },
        "angle": 0,
        "width": 0.7487600497862239,
        "height": 0.5,
        "noHammer": true
    },
    {
        "position": {
            "x": 10.467684755690943,
            "y": -84.2769480124505
        },
        "angle": 2.1112158270654904,
        "width": 1.4553279436951414,
        "height": 0.5,
        "noHammer": true
    },
    {
        "position": {
            "x": 10.509282536234624,
            "y": -83.27860127940218
        },
        "angle": 0.2914567944778388,
        "width": 0.8685871579328146,
        "height": 0.5,
        "noHammer": true
    },
    {
        "position": {
            "x": -22.69309997796974,
            "y": -136.59773840875565
        },
        "angle": 0,
        "width": 0.08319556108735782,
        "height": 0.5
    },
    {
        "position": {
            "x": 198.21099897718597,
            "y": -24.365863533921804
        },
        "angle": -0.38050637711236734,
        "width": 7.61071329246582,
        "height": 0.5,
        "noHammer": true
    },
    {
        "position": {
            "x": 200.229961803776,
            "y": -17.400441782186135
        },
        "angle": 1.7827539640375152,
        "width": 16.314918677500582,
        "height": 0.5,
        "noHammer": true
    },
    {
        "position": {
            "x": 204.1669393156266,
            "y": -23.053537696638276
        },
        "angle": 0.9467732738181307,
        "width": 6.219585307317318,
        "height": 0.5,
        "noHammer": true
    },
    {
        "position": {
            "x": 206.99348727285263,
            "y": -77.46458587324008
        },
        "angle": 0,
        "width": 2.422755391907998,
        "height": 0.5
    },
    {
        "position": {
            "x": 86.46140652542675,
            "y": -102.19688049896817
        },
        "angle": 1.5707963267948966,
        "width": 0.20189628265899273,
        "height": 0.5
    },
    {
        "position": {
            "x": 35.11832855750265,
            "y": -135.04135232676666
        },
        "angle": 0.7853981633974483,
        "width": 0.07534440208811827,
        "height": 0.5
    },
    {
        "position": {
            "x": 56.78647300126611,
            "y": -141.34893455169916
        },
        "angle": 0,
        "width": 0.2131061505638172,
        "height": 0.5
    },
    {
        "position": {
            "x": 49.780608301480555,
            "y": -147.92858695035707
        },
        "angle": -0.7853981633973817,
        "width": 0.07534440208812329,
        "height": 0.5
    },
    {
        "position": {
            "x": 50.0091140009617,
            "y": -173.87649629506828
        },
        "angle": 0,
        "width": 0.3729357634866943,
        "height": 0.5
    },
    {
        "position": {
            "x": 47.44073267819451,
            "y": -186.08098602381256
        },
        "angle": 0.08314123188843923,
        "width": 0.6415344668341532,
        "height": 0.5
    },
    {
        "position": {
            "x": 10.54804744808721,
            "y": -207.87002841332486
        },
        "angle": 1.3909428270024122,
        "width": 0.5956497988550301,
        "height": 0.5
    },
    {
        "position": {
            "x": 20.170085265825023,
            "y": -244.02266941302045
        },
        "angle": 0.674740942223546,
        "width": 0.3411362894553008,
        "height": 0.5
    },
    {
        "position": {
            "x": -0.49580496276029407,
            "y": -271.4165031222558
        },
        "angle": 1.5707963267948966,
        "width": 3.036762645534452,
        "height": 0.5,
        "noHammer": true
    },
    {
        "position": {
            "x": 0.010322144828776358,
            "y": -271.0702056275896
        },
        "angle": 0.2310906671958948,
        "width": 0.9304347296922352,
        "height": 0.5,
        "noHammer": true
    },
    {
        "position": {
            "x": 0.3299813706745067,
            "y": -270.5640785200005
        },
        "angle": 1.4940244355251184,
        "width": 0.6946410646595574,
        "height": 0.5,
        "noHammer": true
    },
    {
        "position": {
            "x": 1.4487886611345584,
            "y": -271.0435673587691
        },
        "angle": -0.6610431688507563,
        "width": 0.6074459895258913,
        "height": 0.5,
        "noHammer": true
    },
    {
        "position": {
            "x": 2.141383650466969,
            "y": -271.3898648534353
        },
        "angle": 0,
        "width": 0.4794888387685934,
        "height": 0.5,
        "noHammer": true
    },
    {
        "position": {
            "x": 1.8217244246212387,
            "y": -271.36322658461484
        },
        "angle": 0.11065722117389452,
        "width": 0.4824395671653209,
        "height": 0.5,
        "noHammer": true
    },
    {
        "position": {
            "x": 1.3688738546731247,
            "y": -270.75054640174386
        },
        "angle": 1.5707963267948966,
        "width": 0.4262123011276344,
        "height": 0.5,
        "noHammer": true
    },
    {
        "position": {
            "x": 1.3955121234936019,
            "y": -270.3776106382572
        },
        "angle": 1.4056476493802696,
        "width": 0.3240685269064195,
        "height": 0.5,
        "noHammer": true
    },
    {
        "position": {
            "x": 1.741809618159807,
            "y": -270.16450448769336
        },
        "angle": 0.24497866312686156,
        "width": 0.43932958412170375,
        "height": 0.5,
        "noHammer": true
    },
    {
        "position": {
            "x": 2.0881071128260147,
            "y": -270.08458968123193
        },
        "angle": 0.19739555984987736,
        "width": 0.27165810504789106,
        "height": 0.5,
        "noHammer": true
    },
    {
        "position": {
            "x": 2.487681145133174,
            "y": -270.3776106382572
        },
        "angle": -0.9827937232473292,
        "width": 0.38418257648729603,
        "height": 0.5,
        "noHammer": true
    },
    {
        "position": {
            "x": 2.487681145133174,
            "y": -271.2566735093329
        },
        "angle": 1.0516502125483735,
        "width": 0.4295291783983031,
        "height": 0.5,
        "noHammer": true
    },
    {
        "position": {
            "x": 2.594234220415083,
            "y": -270.88373774584625
        },
        "angle": 1.5707963267948966,
        "width": 0.0532765376409543,
        "height": 0.5,
        "noHammer": true
    },
    {
        "position": {
            "x": 2.5143194139536513,
            "y": -271.0435673587691
        },
        "angle": -1.6233793884058385,
        "width": 1.0136552597450985,
        "height": 0.5,
        "noHammer": true
    },
    {
        "position": {
            "x": 2.8339786397993794,
            "y": -270.4841637135391
        },
        "angle": 0.726642340681721,
        "width": 0.6415344668341423,
        "height": 0.5,
        "noHammer": true
    },
    {
        "position": {
            "x": 4.006062467900388,
            "y": -270.6173550576415
        },
        "angle": 1.348714424889414,
        "width": 1.693154853413622,
        "height": 0.5,
        "noHammer": true
    },
    {
        "position": {
            "x": 4.618742650771367,
            "y": -270.29769583179575
        },
        "angle": -0.9357695914046061,
        "width": 1.2573714371241262,
        "height": 0.5,
        "noHammer": true
    },
    {
        "position": {
            "x": 5.018316683078529,
            "y": -271.0435673587691
        },
        "angle": -1.0303768265243085,
        "width": 0.9319587843249607,
        "height": 0.5,
        "noHammer": true
    },
    {
        "position": {
            "x": 7.415760876921492,
            "y": -270.4841637135391
        },
        "angle": 0.10768987083281956,
        "width": 1.9827176819371382,
        "height": 0.5,
        "noHammer": true
    },
    {
        "position": {
            "x": 7.762058371587698,
            "y": -271.28331177815346
        },
        "angle": -2.9764439761752546,
        "width": 0.648137053812835,
        "height": 0.5,
        "noHammer": true
    },
    {
        "position": {
            "x": 6.936272038152899,
            "y": -271.33658831579436
        },
        "angle": 3.141592653589793,
        "width": 1.0122542151781406,
        "height": 0.5,
        "noHammer": true
    },
    {
        "position": {
            "x": 6.270315317640966,
            "y": -271.01692908994863
        },
        "angle": 2.0344439357957027,
        "width": 0.7147797586260006,
        "height": 0.5,
        "noHammer": true
    },
    {
        "position": {
            "x": 6.110485704718103,
            "y": -270.16450448769336
        },
        "angle": 1.5707963267948966,
        "width": 1.065530752819086,
        "height": 0.5,
        "noHammer": true
    },
    {
        "position": {
            "x": 7.149378188716721,
            "y": -269.5251860360019
        },
        "angle": 0.20749622643520071,
        "width": 1.034443245206832,
        "height": 0.5,
        "noHammer": true
    },
    {
        "position": {
            "x": 6.5633362746662165,
            "y": -269.57846257364287
        },
        "angle": -2.9617391537973163,
        "width": 0.5956497988550049,
        "height": 0.5,
        "noHammer": true
    },
    {
        "position": {
            "x": 7.841973178049131,
            "y": -269.3120798854381
        },
        "angle": 0,
        "width": 0.5860419140505062,
        "height": 0.5,
        "noHammer": true
    },
    {
        "position": {
            "x": 3.5265736291317946,
            "y": -265.1298716806232
        },
        "angle": -1.396124127786659,
        "width": 2.7590869032685115,
        "height": 0.5,
        "noHammer": true
    },
    {
        "position": {
            "x": 4.032700736720862,
            "y": -266.5416999281084
        },
        "angle": -0.643501108793322,
        "width": 1.0655307528191273,
        "height": 0.5,
        "noHammer": true
    },
    {
        "position": {
            "x": 4.698657457232798,
            "y": -266.515061659288
        },
        "angle": 1.2490457723982484,
        "width": 0.8423760239655496,
        "height": 0.5,
        "noHammer": true
    },
    {
        "position": {
            "x": 3.2601909409270204,
            "y": -265.31633956236647
        },
        "angle": 0,
        "width": 1.012254215178141,
        "height": 0.5,
        "noHammer": true
    },
    {
        "position": {
            "x": 4.006062467900388,
            "y": -265.20978648708456
        },
        "angle": 0.08673833867593794,
        "width": 1.2299843835526114,
        "height": 0.5,
        "noHammer": true
    },
    {
        "position": {
            "x": 5.178146296001392,
            "y": -264.65038284185454
        },
        "angle": 1.7681918866447808,
        "width": 1.3582905252394333,
        "height": 0.5,
        "noHammer": true
    },
    {
        "position": {
            "x": 5.2314228336423465,
            "y": -263.6381286266764
        },
        "angle": 0.40489178628507916,
        "width": 0.40574202253953007,
        "height": 0.5,
        "noHammer": true
    },
    {
        "position": {
            "x": 5.364614177744734,
            "y": -263.6114903578559
        },
        "angle": 1.2490457723982544,
        "width": 0.6739008191724383,
        "height": 0.5,
        "noHammer": true
    },
    {
        "position": {
            "x": 5.844103016513327,
            "y": -263.23855459436925
        },
        "angle": 0,
        "width": 0.6393184516914605,
        "height": 0.5,
        "noHammer": true
    },
    {
        "position": {
            "x": 6.510059737025262,
            "y": -263.34510766965116
        },
        "angle": -0.29849893158617774,
        "width": 0.724639255530978,
        "height": 0.5,
        "noHammer": true
    },
    {
        "position": {
            "x": 6.962910306973376,
            "y": -264.17089400308595
        },
        "angle": -1.4237179714064943,
        "width": 1.4541664794448315,
        "height": 0.5,
        "noHammer": true
    },
    {
        "position": {
            "x": 8.694397780304406,
            "y": -264.8102124547774
        },
        "angle": 1.779819269601164,
        "width": 1.7972443375632405,
        "height": 0.5,
        "noHammer": true
    },
    {
        "position": {
            "x": 8.481291629740587,
            "y": -263.37174593847163
        },
        "angle": 1.6295521495106196,
        "width": 0.907266743726632,
        "height": 0.5,
        "noHammer": true
    },
    {
        "position": {
            "x": 8.56120643620202,
            "y": -263.93114958370165
        },
        "angle": -1.4601391056209954,
        "width": 0.9648791343306331,
        "height": 0.5,
        "noHammer": true
    },
    {
        "position": {
            "x": 9.360354500816342,
            "y": -265.0233186053413
        },
        "angle": -0.05549850524577549,
        "width": 0.9604564412182521,
        "height": 0.5,
        "noHammer": true
    },
    {
        "position": {
            "x": 10.132864296610187,
            "y": -264.83685072359793
        },
        "angle": 0.7266423406817218,
        "width": 0.6415344668341416,
        "height": 0.5,
        "noHammer": true
    },
    {
        "position": {
            "x": 10.69226794184021,
            "y": -264.1975322719064
        },
        "angle": 0.7853981633974441,
        "width": 0.9041328250574231,
        "height": 0.5,
        "noHammer": true
    },
    {
        "position": {
            "x": 10.932012361224508,
            "y": -263.558213820215
        },
        "angle": 1.815774989921761,
        "width": 0.6589943761825492,
        "height": 0.5,
        "noHammer": true
    },
    {
        "position": {
            "x": 10.932012361224508,
            "y": -263.3184694008307
        },
        "angle": -1.2490457723982544,
        "width": 0.8423760239655478,
        "height": 0.5,
        "noHammer": true
    },
    {
        "position": {
            "x": 10.985288898865463,
            "y": -264.17089400308595
        },
        "angle": -1.9756881130799804,
        "width": 0.40574202253952596,
        "height": 0.5,
        "noHammer": true
    },
    {
        "position": {
            "x": 10.132864296610187,
            "y": -264.7835741859569
        },
        "angle": -2.723368324010666,
        "width": 0.5247130433977768,
        "height": 0.5,
        "noHammer": true
    },
    {
        "position": {
            "x": 8.181501199993113,
            "y": -270.88310220790095
        },
        "angle": 0.9685089806599295,
        "width": 1.0344432452068253,
        "height": 0.5
    },
    {
        "position": {
            "x": 16.675956792798395,
            "y": -300.7013523267664
        },
        "angle": 0.09065988720074449,
        "width": 0.58845859199011,
        "height": 0.5
    },
    {
        "position": {
            "x": 18.644298932390225,
            "y": -328.07586075712277
        },
        "angle": 0.5763752205911431,
        "width": 1.2708436585400662,
        "height": 0.5
    },
    {
        "position": {
            "x": 20.771526728792864,
            "y": -364.4330885535253
        },
        "angle": 0.8465463260467277,
        "width": 1.8493943070433942,
        "height": 0.5
    },
    {
        "position": {
            "x": 16.562680255157435,
            "y": -364.37981201588434
        },
        "angle": -0.6489955589965195,
        "width": 1.939295242732733,
        "height": 0.5
    },
    {
        "position": {
            "x": 8.871416006454547,
            "y": -388.35867214389555
        },
        "angle": 0,
        "width": 0.1065530752819086,
        "height": 0.5
    },
    {
        "position": {
            "x": -5.1443890285921885,
            "y": -397.34445847733025
        },
        "angle": -0.07263319647579114,
        "width": 28.631715448739747,
        "height": 0.5,
        "noHammer": true
    },
    {
        "position": {
            "x": 11.291422833642365,
            "y": -400.70088034871037
        },
        "angle": -0.7973023629557536,
        "width": 6.329378238096974,
        "height": 0.5,
        "noHammer": true
    },
    {
        "position": {
            "x": 17.045288898865483,
            "y": -404.1105787577315
        },
        "angle": -0.3130927620668924,
        "width": 7.783846187931146,
        "height": 0.5,
        "noHammer": true
    },
    {
        "position": {
            "x": 25.70272626552064,
            "y": -394.81382293938486
        },
        "angle": -0.32175055439664235,
        "width": 0.33695040958621914,
        "height": 0.5
    },
    {
        "position": {
            "x": 39.04790258980984,
            "y": -410.42706029385045
        },
        "angle": 0.4636476090003793,
        "width": 0.23825991954194936,
        "height": 0.5
    },
    {
        "position": {
            "x": 37.902457030529305,
            "y": -423.6396416288072
        },
        "angle": 0,
        "width": 0.2663826882047644,
        "height": 0.5
    },
    {
        "position": {
            "x": 36.209940407547656,
            "y": -433.7051400256388
        },
        "angle": -0.4048917862852124,
        "width": 0.40574202253954833,
        "height": 0.5
    },
    {
        "position": {
            "x": 15.775026491061968,
            "y": -436.0443341006163
        },
        "angle": 0,
        "width": 0.15982961292286824,
        "height": 0.5
    },
    {
        "position": {
            "x": -0.36776441414733424,
            "y": -441.42526440235275
        },
        "angle": 0,
        "width": 0.1598296129228629,
        "height": 0.5
    },
    {
        "position": {
            "x": -8.155123414451733,
            "y": -450.6371386602011
        },
        "angle": 0.1882215053047691,
        "width": 2.2778445816997137,
        "height": 0.5
    },
    {
        "position": {
            "x": 21.02352536335531,
            "y": -463.57004889488803
        },
        "angle": 0.05123716740341377,
        "width": 12.483091825310877,
        "height": 0.5,
        "noHammer": true
    },
    {
        "position": {
            "x": 13.644724900083073,
            "y": -464.66221791652765
        },
        "angle": -2.6698151424090297,
        "width": 2.930693862392069,
        "height": 0.5,
        "noHammer": true
    },
    {
        "position": {
            "x": -0.3137279618470825,
            "y": -474.0921650789766
        },
        "angle": -2.3040678411466944,
        "width": 8.676391262379816,
        "height": 0.5,
        "noHammer": true
    },
    {
        "position": {
            "x": 2.429548575793876,
            "y": -469.5869290899487
        },
        "angle": 1.550798992821746,
        "width": 2.6643595941582396,
        "height": 0.5,
        "noHammer": true
    },
    {
        "position": {
            "x": 5.466311221328299,
            "y": -465.80429491744087
        },
        "angle": 0.5977583915930944,
        "width": 3.029276008208102,
        "height": 0.5,
        "noHammer": true
    },
    {
        "position": {
            "x": 9.328860200297523,
            "y": -465.19161473456995
        },
        "angle": -0.045423279421586533,
        "width": 5.86647016859141,
        "height": 0.5,
        "noHammer": true
    },
    {
        "position": {
            "x": 4.0811212426634755,
            "y": -466.7899108637985
        },
        "angle": 0.7853981633974441,
        "width": 0.8287884229693046,
        "height": 0.5,
        "noHammer": true
    },
    {
        "position": {
            "x": 2.616016457537219,
            "y": -468.12182430482244
        },
        "angle": -2.677945044588993,
        "width": 0.3573898793130047,
        "height": 0.5,
        "noHammer": true
    },
    {
        "position": {
            "x": 9.014862931172656,
            "y": -496.07238147641715
        },
        "angle": -1.5932140953062324,
        "width": 23.767307743411276,
        "height": 0.5,
        "noHammer": true
    },
    {
        "position": {
            "x": 10.60954174860607,
            "y": -522.1276361670571
        },
        "angle": 1.3451950829588697,
        "width": 6.668724473721323,
        "height": 0.5,
        "noHammer": true
    },
    {
        "position": {
            "x": 8.800805796211318,
            "y": -489.4694535949386
        },
        "angle": -0.2449786631268327,
        "width": 0.38218073808948044,
        "height": 0.5
    },
    {
        "position": {
            "x": 3.934452476268884,
            "y": -489.5621460391279
        },
        "angle": -3.1300989068747644,
        "width": 8.064775342078391,
        "height": 0.5
    },
    {
        "position": {
            "x": 8.800805796211318,
            "y": -493.8259984718394
        },
        "angle": 0.16514867741470507,
        "width": 0.5638261263569248,
        "height": 0.5
    },
    {
        "position": {
            "x": 4.119837364647642,
            "y": -494.2431144706917
        },
        "angle": 0.05963071313117063,
        "width": 6.2214516706436545,
        "height": 0.5
    },
    {
        "position": {
            "x": 8.661767129927245,
            "y": -496.7458104638049
        },
        "angle": 0,
        "width": 0.4634622209468997,
        "height": 0.5
    },
    {
        "position": {
            "x": 4.583299585594544,
            "y": -497.1629264626571
        },
        "angle": 0.17286060678715098,
        "width": 5.927969877461192,
        "height": 0.5
    },
    {
        "position": {
            "x": 8.522728463643176,
            "y": -503.1879353349668
        },
        "angle": -0.16514867741460582,
        "width": 0.5638261263569154,
        "height": 0.5
    },
    {
        "position": {
            "x": 5.185800472825511,
            "y": -503.4660126675349
        },
        "angle": 0.1651486774146198,
        "width": 3.9467828844984165,
        "height": 0.5
    },
    {
        "position": {
            "x": 8.708113352021938,
            "y": -507.82255754443577
        },
        "angle": 1.5707963267948966,
        "width": 0.8342319977044212,
        "height": 0.5
    },
    {
        "position": {
            "x": 156.98379542661473,
            "y": -117.84806007753431
        },
        "angle": 1.5707963267948966,
        "width": 0,
        "height": 0.5
    }
]